system:index,BASEVEG_2022,ELEV_M,NDMI_2020,NDMI_2021,NDMI_2022,NDVI_2020,NDVI_2021,NDVI_2022,SLOPE_DEG,VALID_2020,VALID_2021,VALID_2022,abs_diff_BASEVEG_2022,abs_diff_ELEV_M,abs_diff_NDMI_2020,abs_diff_NDMI_2021,abs_diff_NDMI_2022,abs_diff_NDVI_2020,abs_diff_NDVI_2021,abs_diff_NDVI_2022,abs_diff_SLOPE_DEG,candidate_id,center_lat,center_lon,center_x_utm51n,center_y_utm51n,distance_from_sc0002_m,dx_m,dy_m,match_pass,match_score,nominal_square_area_ha,outcome_data_used_for_ranking,selection_data_end,.geo
161,0.911000471492034,82.5303556211676,0.22474681846151734,0.1279548500058455,0.23063908076796352,0.744678514282215,0.6733919433104604,0.7602841756411114,8.666109562253308,34.382554918316906,34.419878178322804,23.666552552823457,0.009119263486623508,12.165957997324483,0.0154278090963412,0.004729393007561505,0.0012761202761380208,0.01372639623620131,0.007801316835775118,0.00837491789087974,1.4216475552653538,C162,22.81273725638963,120.38336489647324,231409.013,2525169.146,11401.75425099138,-3000,11000,1,0.25179461030810835,63.456375334400995,NO,2022-12-31,"{""geodesic"":false,""crs"":{""type"":""name"",""properties"":{""name"":""EPSG:32651""}},""type"":""Polygon"",""coordinates"":[[[231010.71545000002,2524770.8484500004],[231807.31055,2524770.8484500004],[231807.31055,2525567.44355],[231010.71545000002,2525567.44355],[231010.71545000002,2524770.8484500004]]]}"
184,0.9049464643349953,85.95609624369779,0.23919045112512038,0.16436649820250984,0.25046561842049825,0.735227387582741,0.6908780223863146,0.7636880801197189,9.643411351681136,35.27066979676407,32.66530924748514,17.380582437879543,0.015173270643662251,8.740217374794298,9.841764327381541E-4,0.03168225518910284,0.018550417376396705,0.02317752293567532,0.025287395911629318,0.01177882236948724,0.44434576583752516,C185,22.81289686183826,120.39309919668925,232409.013,2525169.146,11180.339887498949,-2000,11000,1,0.46523159556191346,63.456375334400995,NO,2022-12-31,"{""geodesic"":false,""crs"":{""type"":""name"",""properties"":{""name"":""EPSG:32651""}},""type"":""Polygon"",""coordinates"":[[[232010.71545000002,2524770.8484500004],[232807.31055,2524770.8484500004],[232807.31055,2525567.44355],[232010.71545000002,2525567.44355],[232010.71545000002,2524770.8484500004]]]}"
171,0.879261580443771,115.94321888785969,0.24329682114223736,0.150114142217939,0.24614015036847547,0.7337777280194916,0.6425296665691222,0.7437263497999734,10.215358901421965,30.361401425104745,30.274910753293494,17.650564461859503,0.040858154534886504,21.246905269367602,0.0031221935843788184,0.017429899204532,0.014224949324373931,0.024627182498924705,0.023060959905563005,0.008182907950258222,0.12760178390330346,C172,22.69558044649453,120.39532582798383,232409.013,2512169.146,2828.42712474619,-2000,-2000,1,0.5171428888591972,63.456375334400995,NO,2022-12-31,"{""geodesic"":false,""crs"":{""type"":""name"",""properties"":{""name"":""EPSG:32651""}},""type"":""Polygon"",""coordinates"":[[[232010.71545000002,2511770.8484500004],[232807.31055,2511770.8484500004],[232807.31055,2512567.44355],[232010.71545000002,2512567.44355],[232010.71545000002,2511770.8484500004]]]}"
175,0.8615166718471055,96.41318830576161,0.24411351930089029,0.1372879494403249,0.2299495089437379,0.7479548364861508,0.6436049485898604,0.7292369864787919,9.62988869471155,28.75452938235777,31.680339523700322,20.10867736906207,0.05860306313155206,1.7168746872695237,0.003938891743031747,0.004603706426917903,0.001965692100363653,0.0104500740322655,0.02198567788482486,0.02267227127143978,0.4578684228071115,C176,22.731678010447084,120.39464227305545,232409.013,2516169.146,2828.42712474619,-2000,2000,1,0.5363053489651299,63.456375334400995,NO,2022-12-31,"{""geodesic"":false,""crs"":{""type"":""name"",""properties"":{""name"":""EPSG:32651""}},""type"":""Polygon"",""coordinates"":[[[232010.71545000002,2515770.8484500004],[232807.31055,2515770.8484500004],[232807.31055,2516567.44355],[232010.71545000002,2516567.44355],[232010.71545000002,2515770.8484500004]]]}"
221,0.8719482013783872,80.61487752021114,0.2332701675419998,0.15001221808558507,0.20277863448680408,0.7540585218253019,0.690163571097839,0.7388461050911008,8.843950319659905,27.254931973524734,31.619472559225336,15.401112424587561,0.04817153360027027,14.081436098280946,0.006904460015858732,0.017327975072178065,0.02913656655729746,0.0043463886931144335,0.024572944623153736,0.013063152659130828,1.2438067978587561,C222,22.77711658189245,120.41324962396575,234409.013,2521169.146,7000,0,7000,1,0.6749660652159561,63.456375334400995,NO,2022-12-31,"{""geodesic"":false,""crs"":{""type"":""name"",""properties"":{""name"":""EPSG:32651""}},""type"":""Polygon"",""coordinates"":[[[234010.71545000002,2520770.8484500004],[234807.31055,2520770.8484500004],[234807.31055,2521567.44355],[234010.71545000002,2521567.44355],[234010.71545000002,2520770.8484500004]]]}"
128,0.945431130956758,98.70231179403636,0.2151872294055655,0.1266904514095707,0.21567716330334644,0.7547848100729955,0.657732904503992,0.7765553287337007,12.69130528616328,29.899993017221437,28.466603471491418,18.756534613880124,0.025311395978100504,4.005998175544278,0.024987398152293033,0.005993791603836313,0.016238037740755107,0.0036201004454208263,0.007857721970693232,0.02464607098346905,2.6035481686446182,C129,22.72233523591619,120.37535754400412,230409.013,2515169.146,4123.105625617661,-4000,1000,1,0.7415497265258386,63.456375334400995,NO,2022-12-31,"{""geodesic"":false,""crs"":{""type"":""name"",""properties"":{""name"":""EPSG:32651""}},""type"":""Polygon"",""coordinates"":[[[230010.71545000002,2514770.8484500004],[230807.31055,2514770.8484500004],[230807.31055,2515567.44355],[230010.71545000002,2515567.44355],[230010.71545000002,2514770.8484500004]]]}"
220,0.8849417308763007,118.30196562124777,0.23321065087948667,0.13324784923527966,0.2110471166462486,0.7538428043803839,0.6686414752230642,0.7441584180633685,12.727164368617993,26.49070209056973,33.05086367082809,15.671015969552604,0.03517800410235683,23.60565200275569,0.006963976678371869,5.636062218726534E-4,0.020868084397852954,0.004562106138032429,0.0030508487483789093,0.007750839686863187,2.639407251099332,C221,22.768092125725605,120.4134197998595,234409.013,2520169.146,6000,0,6000,1,0.747979839198422,63.456375334400995,NO,2022-12-31,"{""geodesic"":false,""crs"":{""type"":""name"",""properties"":{""name"":""EPSG:32651""}},""type"":""Polygon"",""coordinates"":[[[234010.71545000002,2519770.8484500004],[234807.31055,2519770.8484500004],[234807.31055,2520567.44355],[234010.71545000002,2520567.44355],[234010.71545000002,2519770.8484500004]]]}"
176,0.861603802091991,81.6765997205652,0.2084841803139412,0.12376171371515815,0.21683899731140838,0.7333156224792996,0.6420201319099168,0.7450026562784715,11.331964059013815,30.068624028049747,31.047987754801877,21.99773832130297,0.058515932886666566,13.019713897926877,0.03169044724391734,0.008922529298248855,0.015076203732693166,0.025089288039116697,0.02357049456476845,0.006906601471760143,1.244206941495154,C177,22.740702372935072,120.3944711674939,232409.013,2517169.146,3605.5512754639894,-2000,3000,1,0.8667892619811935,63.456375334400995,NO,2022-12-31,"{""geodesic"":false,""crs"":{""type"":""name"",""properties"":{""name"":""EPSG:32651""}},""type"":""Polygon"",""coordinates"":[[[232010.71545000002,2516770.8484500004],[232807.31055,2516770.8484500004],[232807.31055,2517567.44355],[232010.71545000002,2517567.44355],[232010.71545000002,2516770.8484500004]]]}"
289,0.901697309529268,126.41355660098104,0.18560961597697775,0.13929066610297108,0.21001611144215146,0.7231086169569009,0.6588037149251962,0.7386078855324648,10.815421140505999,29.76459138077953,28.326278667240917,17.88033804063235,0.018422425449389546,31.717242982488955,0.054565011580880785,0.0066064230895640785,0.021899089601950084,0.035296293561515424,0.006786911549489072,0.013301372217766838,0.7276640229873372,C290,22.786612100231356,120.44227754459433,237409.013,2522169.146,8544.003745317532,3000,8000,1,1.022337966050791,63.456375334400995,NO,2022-12-31,"{""geodesic"":false,""crs"":{""type"":""name"",""properties"":{""name"":""EPSG:32651""}},""type"":""Polygon"",""coordinates"":[[[237010.71545000002,2521770.8484500004],[237807.31055,2521770.8484500004],[237807.31055,2522567.44355],[237010.71545000002,2522567.44355],[237010.71545000002,2521770.8484500004]]]}"
263,0.9062750460832483,112.02954951191593,0.21093888408415945,0.14381770430318222,0.22606088457403833,0.7217149251834709,0.6523566007366353,0.7286061052757765,12.90833303895926,26.527483412811325,28.897755438379427,23.15501088510123,0.01384468889540924,17.333235893423847,0.02923574347369909,0.011133461289775215,0.005854316470063209,0.036689985334945385,0.013234025738049993,0.023303152474455135,2.8205759214405983,C264,22.75938188504691,120.43305142783332,236409.013,2519169.146,5385.164807134504,2000,5000,1,1.050633421518259,63.456375334400995,NO,2022-12-31,"{""geodesic"":false,""crs"":{""type"":""name"",""properties"":{""name"":""EPSG:32651""}},""type"":""Polygon"",""coordinates"":[[[236010.71545000002,2518770.8484500004],[236807.31055,2518770.8484500004],[236807.31055,2519567.44355],[236010.71545000002,2519567.44355],[236010.71545000002,2518770.8484500004]]]}"
267,0.9003267075210707,120.48897308046162,0.260971692664378,0.18395568657263434,0.2620526189622213,0.7633103139895935,0.6959388971998421,0.7716196891308496,11.778653959765851,32.121943412304596,25.85115744188072,17.331138804659584,0.01979302745758682,25.792659461969535,0.020797065106519436,0.05127144355922733,0.030137417918119774,0.004905403471177183,0.03034827072515689,0.0197104313806179,1.6908968422471897,C268,22.795480240097113,120.4323756612332,236409.013,2523169.146,9219.544457292888,2000,9000,1,1.1647540155558231,63.456375334400995,NO,2022-12-31,"{""geodesic"":false,""crs"":{""type"":""name"",""properties"":{""name"":""EPSG:32651""}},""type"":""Polygon"",""coordinates"":[[[236010.71545000002,2522770.8484500004],[236807.31055,2522770.8484500004],[236807.31055,2523567.44355],[236010.71545000002,2523567.44355],[236010.71545000002,2522770.8484500004]]]}"
268,0.9708502984983318,112.41982256327256,0.2727022991098267,0.1139844775787023,0.26545429318213176,0.7973419433851936,0.6655616458549597,0.7833966614341448,9.0609379170175,31.605552730173656,27.44159523737428,18.91238528623516,0.05073056351967431,17.723508944780477,0.032527671551968146,0.01869976543470471,0.03353909213803022,0.0389370328667773,2.898061972556043E-5,0.03148740368391312,1.026819200501162,C269,22.804504800380847,120.43220650554147,236409.013,2524169.146,10198.03902718557,2000,10000,1,1.1666240511080066,63.456375334400995,NO,2022-12-31,"{""geodesic"":false,""crs"":{""type"":""name"",""properties"":{""name"":""EPSG:32651""}},""type"":""Polygon"",""coordinates"":[[[236010.71545000002,2523770.8484500004],[236807.31055,2523770.8484500004],[236807.31055,2524567.44355],[236010.71545000002,2524567.44355],[236010.71545000002,2523770.8484500004]]]}"
151,0.8400974622852713,80.23962238616976,0.21474878265383232,0.12545141064954393,0.2008735833544209,0.7343057933255115,0.6449667479781405,0.7338373541793718,10.839063102904143,31.17442053752563,29.449964066498257,17.63866593090012,0.08002227269338624,14.456691232322328,0.025425844904026218,0.007232832363863073,0.03104161768968064,0.024099117192904806,0.02062387849654479,0.01807190357085986,0.751305985385482,C152,22.72249473163106,120.3850853744048,231409.013,2515169.146,3162.2776601683795,-3000,1000,1,1.18077050375492,63.456375334400995,NO,2022-12-31,"{""geodesic"":false,""crs"":{""type"":""name"",""properties"":{""name"":""EPSG:32651""}},""type"":""Polygon"",""coordinates"":[[[231010.71545000002,2514770.8484500004],[231807.31055,2514770.8484500004],[231807.31055,2515567.44355],[231010.71545000002,2515567.44355],[231010.71545000002,2514770.8484500004]]]}"
145,0.8998237002917313,59.642514492355005,0.26643884496435477,0.15332085470436535,0.2618722951258855,0.7598670864353229,0.6108250813710078,0.7554083281036846,8.61281743265061,28.76445481493474,29.902947412262645,18.694283452607017,0.0202960346869262,35.05379912613708,0.026264217406496232,0.020636611690958345,0.029957094081783958,0.0014621759169065607,0.05476554510367748,0.003499070353452982,1.4749396848680512,C146,22.66834866890032,120.38611348091645,231409.013,2509169.146,5830.951894845301,-3000,-5000,1,1.1810362505497034,63.456375334400995,NO,2022-12-31,"{""geodesic"":false,""crs"":{""type"":""name"",""properties"":{""name"":""EPSG:32651""}},""type"":""Polygon"",""coordinates"":[[[231010.71545000002,2508770.8484500004],[231807.31055,2508770.8484500004],[231807.31055,2509567.44355],[231010.71545000002,2509567.44355],[231010.71545000002,2508770.8484500004]]]}"
240,0.9331834610728638,151.30199651849753,0.22318546069339246,0.15374475824361836,0.22386240498137944,0.7497311313927997,0.7055673867101752,0.7577102277821645,11.917602904239324,30.85854435640097,31.65471396252908,19.75885994091205,0.013063726094206252,56.60568290000545,0.016989166864466082,0.021060515230211352,0.008052796062722106,0.00867377912561662,0.039976760235489905,0.005800970031932806,1.8298457867206626,C241,22.759225067560706,120.42332061575473,235409.013,2519169.146,5099.019513592785,1000,5000,1,1.1872312918534653,63.456375334400995,NO,2022-12-31,"{""geodesic"":false,""crs"":{""type"":""name"",""properties"":{""name"":""EPSG:32651""}},""type"":""Polygon"",""coordinates"":[[[235010.71545000002,2518770.8484500004],[235807.31055,2518770.8484500004],[235807.31055,2519567.44355],[235010.71545000002,2519567.44355],[235010.71545000002,2518770.8484500004]]]}"
170,0.8497442016675859,109.91060684052741,0.24333252270957575,0.1635516840018462,0.2503467710795041,0.7365251174123871,0.6247477993685193,0.7245320861546847,9.446214973788525,32.05879190516771,29.567804324008378,17.426280706459412,0.0703755333110716,15.214293222035323,0.003157895151717216,0.030867440988439188,0.01843157003540255,0.021879793106029166,0.040842827106165935,0.02737717159554698,0.6415421437301365,C171,22.68655602702543,120.39549650001332,232409.013,2511169.146,3605.5512754639894,-2000,-3000,1,1.2182188665854132,63.456375334400995,NO,2022-12-31,"{""geodesic"":false,""crs"":{""type"":""name"",""properties"":{""name"":""EPSG:32651""}},""type"":""Polygon"",""coordinates"":[[[232010.71545000002,2510770.8484500004],[232807.31055,2510770.8484500004],[232807.31055,2511567.44355],[232010.71545000002,2511567.44355],[232010.71545000002,2510770.8484500004]]]}"
290,0.8834920319082084,109.79333262063668,0.2147667230040679,0.16788994707656454,0.2401841814412313,0.7197343968451128,0.6485030218975453,0.7377855090693618,12.847275179826731,29.23505082906592,25.15396964777752,15.474739335350723,0.03662770307044916,15.097019002144592,0.025407904553790633,0.03520570406315754,0.008268980397129755,0.03867051367330354,0.01708760457713998,0.014123748680869852,2.7595180623080697,C291,22.795636740683157,120.44210911375475,237409.013,2523169.146,9486.832980505138,3000,9000,1,1.2662764647709193,63.456375334400995,NO,2022-12-31,"{""geodesic"":false,""crs"":{""type"":""name"",""properties"":{""name"":""EPSG:32651""}},""type"":""Polygon"",""coordinates"":[[[237010.71545000002,2522770.8484500004],[237807.31055,2522770.8484500004],[237807.31055,2523567.44355],[237010.71545000002,2523567.44355],[237010.71545000002,2522770.8484500004]]]}"
178,0.8346026953524972,72.9926334776647,0.20575216459197396,0.13688253232702177,0.20469828352188688,0.7260156347217851,0.664796198918751,0.7376306146771849,10.01343151427961,29.418491509744673,32.06602309754819,18.364864388880196,0.08551703962616031,21.703680140827387,0.03442246296588458,0.004198289313614767,0.027216917522214668,0.0323892757966312,7.94427555934285E-4,0.014278643073046715,0.07432560323905157,C179,22.758751063683995,120.39412869599751,232409.013,2519169.146,5385.164807134504,-2000,5000,1,1.3149144963317976,63.456375334400995,NO,2022-12-31,"{""geodesic"":false,""crs"":{""type"":""name"",""properties"":{""name"":""EPSG:32651""}},""type"":""Polygon"",""coordinates"":[[[232010.71545000002,2518770.8484500004],[232807.31055,2518770.8484500004],[232807.31055,2519567.44355],[232010.71545000002,2519567.44355],[232010.71545000002,2518770.8484500004]]]}"
152,0.9723729149763293,111.1067549421694,0.2422531140339831,0.16396180053234774,0.2259135986474303,0.7850054574444301,0.7049299984432983,0.7920696461786499,12.555503335038381,28.629163172702594,33.8312070875819,20.167449499989768,0.05225317999767176,16.41044132367732,0.0020784864761245747,0.031277557518940735,0.006001602396671246,0.02660054692601377,0.039339371968613035,0.04016038842841829,2.4677462175197196,C153,22.731519035510598,120.38491371877763,231409.013,2516169.146,3605.5512754639894,-3000,2000,1,1.4650663691406383,63.456375334400995,NO,2022-12-31,"{""geodesic"":false,""crs"":{""type"":""name"",""properties"":{""name"":""EPSG:32651""}},""type"":""Polygon"",""coordinates"":[[[231010.71545000002,2515770.8484500004],[231807.31055,2515770.8484500004],[231807.31055,2516567.44355],[231010.71545000002,2516567.44355],[231010.71545000002,2515770.8484500004]]]}"
312,0.9027552313678774,71.50808302956187,0.2319144698687799,0.19002510509169102,0.2628879834127641,0.7373034898153505,0.6888262989913808,0.7778154925017275,12.751361904655655,27.49080466943957,26.87129565145925,18.235735512125004,0.017364503610780124,23.18823058893021,0.008260157689078645,0.05734086207828401,0.03097278236866255,0.021101420703065754,0.02323567251669556,0.025906234751495893,2.6636047871369932,C313,22.78676793930391,120.45201044319887,238409.013,2522169.146,8944.27190999916,4000,8000,1,1.502263514331132,63.456375334400995,NO,2022-12-31,"{""geodesic"":false,""crs"":{""type"":""name"",""properties"":{""name"":""EPSG:32651""}},""type"":""Polygon"",""coordinates"":[[[238010.71545000002,2521770.8484500004],[238807.31055,2521770.8484500004],[238807.31055,2522567.44355],[238010.71545000002,2522567.44355],[238010.71545000002,2521770.8484500004]]]}"
197,0.8393923870411983,82.06681653892693,0.20388980550322222,0.13472717193818082,0.20261276226097213,0.7149256074042116,0.6566457534504311,0.7259846521930713,8.970889441118123,27.95054771555003,29.73580379504739,15.82966902247895,0.08072734793745917,12.629497079565155,0.03628482205463632,0.0020429289247738125,0.02930243878312941,0.04347930311420467,0.008944873024254174,0.025924605557160363,1.1168676764005383,C198,22.749885247410408,120.40402989084937,233409.013,2518169.146,4123.105625617661,-1000,4000,1,1.5114370654444214,63.456375334400995,NO,2022-12-31,"{""geodesic"":false,""crs"":{""type"":""name"",""properties"":{""name"":""EPSG:32651""}},""type"":""Polygon"",""coordinates"":[[[233010.71545000002,2517770.8484500004],[233807.31055,2517770.8484500004],[233807.31055,2518567.44355],[233010.71545000002,2518567.44355],[233010.71545000002,2517770.8484500004]]]}"
264,0.8999676814765424,142.04196711667467,0.20675391772241358,0.16936152553133768,0.2359116665140041,0.7305346724097399,0.697264883236689,0.7625382201060893,12.66415546731986,26.420621566156903,31.171131834239915,22.261405565336258,0.02015205350211513,47.345653498182585,0.033420709835444956,0.036677282517930676,0.003996465469902566,0.027870238108676393,0.03167425676200375,0.01062896235585764,2.576398349801199,C265,22.76840649088912,120.43288261455805,236409.013,2520169.146,6324.555320336759,2000,6000,1,1.5369712520585215,63.456375334400995,NO,2022-12-31,"{""geodesic"":false,""crs"":{""type"":""name"",""properties"":{""name"":""EPSG:32651""}},""type"":""Polygon"",""coordinates"":[[[236010.71545000002,2519770.8484500004],[236807.31055,2519770.8484500004],[236807.31055,2520567.44355],[236010.71545000002,2520567.44355],[236010.71545000002,2519770.8484500004]]]}"
315,0.8858334255101291,144.90592528921363,0.23747565240026527,0.15375859059408398,0.2632562154246136,0.7236908306709975,0.663067217199946,0.7619429661508579,13.037990299029104,30.657151755550835,24.35260374215133,20.394049931191798,0.0342863094685284,50.20961167072154,0.002698975157593264,0.021074347580676972,0.03134101438051204,0.03471407984741881,0.0025234092747392634,0.010033708400626229,2.950233181510443,C316,22.81384203205889,120.45150681337675,238409.013,2525169.146,11704.699910719624,4000,11000,1,1.5387544655710823,63.456375334400995,NO,2022-12-31,"{""geodesic"":false,""crs"":{""type"":""name"",""properties"":{""name"":""EPSG:32651""}},""type"":""Polygon"",""coordinates"":[[[238010.71545000002,2524770.8484500004],[238807.31055,2524770.8484500004],[238807.31055,2525567.44355],[238010.71545000002,2525567.44355],[238010.71545000002,2524770.8484500004]]]}"
194,0.8385828790922638,87.8305347634228,0.26485520214349284,0.1794030830908324,0.24829612132260434,0.7356082269900902,0.6470916168727354,0.7125896586291234,10.547621448053727,31.190358574944675,30.52999041567305,19.18299885000434,0.0815368558863937,6.86577885506928,0.0246805745856343,0.04671884007742538,0.016380920278502797,0.02279668352832609,0.018499009601949834,0.03931959912110827,0.4598643305350656,C195,22.695738551402986,120.40505192356157,233409.013,2512169.146,2236.06797749979,-1000,-2000,1,1.5408058924476637,63.456375334400995,NO,2022-12-31,"{""geodesic"":false,""crs"":{""type"":""name"",""properties"":{""name"":""EPSG:32651""}},""type"":""Polygon"",""coordinates"":[[[233010.71545000002,2511770.8484500004],[233807.31055,2511770.8484500004],[233807.31055,2512567.44355],[233010.71545000002,2512567.44355],[233010.71545000002,2511770.8484500004]]]}"
198,0.9105388665776413,98.75049729123789,0.25675272956057965,0.19260812120457352,0.23525407819842745,0.7856436875009764,0.7259911117054316,0.7708331335416114,11.91009376761428,29.031408290473642,32.841630583828206,13.51469256927318,0.00958086840101624,4.054183672745808,0.016578102002721112,0.05992387819116651,0.0033388771543259033,0.027238776982560053,0.06040048523074637,0.018923875791379774,1.8223366500956182,C199,22.75890965685789,120.40385924951379,233409.013,2519169.146,5099.019513592785,-1000,5000,1,1.5673356679742998,63.456375334400995,NO,2022-12-31,"{""geodesic"":false,""crs"":{""type"":""name"",""properties"":{""name"":""EPSG:32651""}},""type"":""Polygon"",""coordinates"":[[[233010.71545000002,2518770.8484500004],[233807.31055,2518770.8484500004],[233807.31055,2519567.44355],[233010.71545000002,2519567.44355],[233010.71545000002,2518770.8484500004]]]}"
123,0.9168301646143682,42.04236321941919,0.23556494054672014,0.11013244841550532,0.24242116092952537,0.7546037878013953,0.6379486562666934,0.7666705620720432,6.450832918477498,28.333350429811645,33.52331413790178,18.891744687372274,0.0032895703642893404,52.6539503990729,0.004609687011138397,0.022551794597901687,0.010505959885423827,0.0038011227170210438,0.02764197020799186,0.014761304321811552,3.6369241990411636,C124,22.677213896689686,120.37621769598253,230409.013,2510169.146,5656.85424949238,-4000,-4000,1,1.5763847776631001,63.456375334400995,NO,2022-12-31,"{""geodesic"":false,""crs"":{""type"":""name"",""properties"":{""name"":""EPSG:32651""}},""type"":""Polygon"",""coordinates"":[[[230010.71545000002,2509770.8484500004],[230807.31055,2509770.8484500004],[230807.31055,2510567.44355],[230010.71545000002,2510567.44355],[230010.71545000002,2509770.8484500004]]]}"
196,0.821381144149884,105.19790368338467,0.23144648320944433,0.12211294713351328,0.19889370070791404,0.7319802366607046,0.6358580055213143,0.7154319342810274,11.837786402805477,27.37153695898141,30.53651158924947,20.337749580260855,0.09873859082877356,10.501590064892582,0.008728144348414207,0.010571295879893722,0.033021500336187504,0.026424673857711745,0.029732620953370925,0.03647732346920429,1.750029285286816,C197,22.740860826560226,120.40420044569981,233409.013,2517169.146,3162.2776601683795,-1000,3000,1,1.8408307043995433,63.456375334400995,NO,2022-12-31,"{""geodesic"":false,""crs"":{""type"":""name"",""properties"":{""name"":""EPSG:32651""}},""type"":""Polygon"",""coordinates"":[[[233010.71545000002,2516770.8484500004],[233807.31055,2516770.8484500004],[233807.31055,2517567.44355],[233010.71545000002,2517567.44355],[233010.71545000002,2516770.8484500004]]]}"
124,0.8857191056852792,48.845475437613004,0.23121029495186865,0.11328489589297353,0.2895490368843505,0.7070628075242458,0.637322170690656,0.7565653830971986,7.935955266247644,27.70245886494624,31.57816602575464,20.280881955820607,0.03440062929337828,45.85083818087908,0.008964332605989889,0.01939934712043348,0.057633835840248976,0.051342102994170524,0.028268455784029256,0.004656125346966911,2.151801851271017,C125,22.68623818734765,120.37604584018754,230409.013,2511169.146,5000,-4000,-3000,1,1.9119652633283855,63.456375334400995,NO,2022-12-31,"{""geodesic"":false,""crs"":{""type"":""name"",""properties"":{""name"":""EPSG:32651""}},""type"":""Polygon"",""coordinates"":[[[230010.71545000002,2510770.8484500004],[230807.31055,2510770.8484500004],[230807.31055,2511567.44355],[230010.71545000002,2511567.44355],[230010.71545000002,2510770.8484500004]]]}"
241,0.9103003398079546,182.91283762197435,0.20769779637983649,0.1391796408979024,0.2123992417782845,0.7258235523146433,0.6593453109555123,0.729714691249607,9.01448356780355,28.085589090057436,30.411646532988645,19.94122045373225,0.00981939517070296,88.21652400348226,0.03247683117802205,0.0064953978844954074,0.019515959265817034,0.03258135820377295,0.006245315519172956,0.02219456650062468,1.0732735497151111,C242,22.768249604396143,120.423151164264,235409.013,2520169.146,6082.76253029822,1000,6000,1,1.944967780723711,63.456375334400995,NO,2022-12-31,"{""geodesic"":false,""crs"":{""type"":""name"",""properties"":{""name"":""EPSG:32651""}},""type"":""Polygon"",""coordinates"":[[[235010.71545000002,2519770.8484500004],[235807.31055,2519770.8484500004],[235807.31055,2520567.44355],[235010.71545000002,2520567.44355],[235010.71545000002,2519770.8484500004]]]}"
193,0.8314060658717003,90.99180852109063,0.2388696281577672,0.19388500405135606,0.2514479689315192,0.714423306211315,0.6412086550791083,0.7226201501676563,9.252440220486662,33.94933283568157,28.309058393948536,19.46186136156763,0.08871366910695722,3.7045050974014515,0.00130499940009135,0.06120076103794905,0.019532767887417674,0.043981604307101296,0.024381971395576962,0.029289107582575302,0.8353168970319995,C194,22.686714062217103,120.40522196003285,233409.013,2511169.146,3162.2776601683795,-1000,-3000,1,2.007354465692132,63.456375334400995,NO,2022-12-31,"{""geodesic"":false,""crs"":{""type"":""name"",""properties"":{""name"":""EPSG:32651""}},""type"":""Polygon"",""coordinates"":[[[233010.71545000002,2510770.8484500004],[233807.31055,2510770.8484500004],[233807.31055,2511567.44355],[233010.71545000002,2511567.44355],[233010.71545000002,2510770.8484500004]]]}"
217,0.8084351964169078,138.5743335308697,0.20771754246538593,0.12266657156570455,0.22782565864899806,0.7387385459436894,0.6449633064667362,0.7204524032820989,10.534794398877107,27.294775213237333,27.53036612623257,20.310517362091662,0.11168453856174976,43.87801991237761,0.03245708509247261,0.01001767144770245,0.004089542395103479,0.019666364574726924,0.02062732000794909,0.03145685446813273,0.4470372813584458,C218,22.74101868883135,120.41392981036552,234409.013,2517169.146,3000,0,3000,1,2.0665318717905765,63.456375334400995,NO,2022-12-31,"{""geodesic"":false,""crs"":{""type"":""name"",""properties"":{""name"":""EPSG:32651""}},""type"":""Polygon"",""coordinates"":[[[234010.71545000002,2516770.8484500004],[234807.31055,2516770.8484500004],[234807.31055,2517567.44355],[234010.71545000002,2517567.44355],[234010.71545000002,2516770.8484500004]]]}"
216,0.8362594058953182,91.54568807248747,0.23350393919247905,0.16660828554730475,0.26636848859371093,0.705642125531774,0.6249913447637993,0.7141812062015126,8.679861729175952,24.405621569246623,29.339786944923137,21.89982926179677,0.08386032908333929,3.150625546004619,0.006670688365379485,0.03392404253389775,0.034453287549609385,0.05276278498664233,0.040599281710886004,0.037728051548719055,1.407895388342709,C217,22.731994187081437,120.41409964155999,234409.013,2516169.146,2000,0,2000,1,2.116091206099841,63.456375334400995,NO,2022-12-31,"{""geodesic"":false,""crs"":{""type"":""name"",""properties"":{""name"":""EPSG:32651""}},""type"":""Polygon"",""coordinates"":[[[234010.71545000002,2515770.8484500004],[234807.31055,2515770.8484500004],[234807.31055,2516567.44355],[234010.71545000002,2516567.44355],[234010.71545000002,2515770.8484500004]]]}"
127,0.8318818835210746,52.96989371963942,0.2255958841114215,0.12436647357943759,0.21529858390379264,0.7022624979943725,0.6216589085696073,0.712318733176916,7.566011374320266,28.08701468917055,32.19833995255415,19.791125321099646,0.0882378514575829,41.72641989885266,0.014578743446437031,0.008317769433969419,0.016616617140308904,0.05614241252404384,0.043931717905077994,0.03959052457331569,2.5217457431983954,C128,22.713310990891255,120.37552974905157,230409.013,2514169.146,4000,-4000,0,1,2.61169681258746,63.456375334400995,NO,2022-12-31,"{""geodesic"":false,""crs"":{""type"":""name"",""properties"":{""name"":""EPSG:32651""}},""type"":""Polygon"",""coordinates"":[[[230010.71545000002,2513770.8484500004],[230807.31055,2513770.8484500004],[230807.31055,2514567.44355],[230010.71545000002,2514567.44355],[230010.71545000002,2513770.8484500004]]]}"
222,0.8201866564664548,74.0447546665661,0.21892163695022218,0.12024653088126075,0.1983071445977791,0.7217097086236248,0.6513668350681687,0.7187214218628816,6.210925508920258,29.009648593217293,31.89943748466724,19.419527185563307,0.09993307851220268,20.651558951925978,0.021252990607636357,0.012437712132146256,0.03360805644632245,0.036695201894791474,0.014223791406516528,0.03318783588735008,3.876831608598403,C223,22.786141026653965,120.41307936183398,234409.013,2522169.146,8000,0,8000,1,2.6991855989033917,63.456375334400995,NO,2022-12-31,"{""geodesic"":false,""crs"":{""type"":""name"",""properties"":{""name"":""EPSG:32651""}},""type"":""Polygon"",""coordinates"":[[[234010.71545000002,2521770.8484500004],[234807.31055,2521770.8484500004],[234807.31055,2522567.44355],[234010.71545000002,2522567.44355],[234010.71545000002,2521770.8484500004]]]}"
147,0.8351415433917885,66.63357406410668,0.227697429852746,0.097599376749159,0.2379543025212399,0.7191876038139895,0.5863871572510545,0.7161489745630244,7.804578311496538,25.824692093455543,26.612874142524085,16.257550206486304,0.08497819158686903,28.062739554385402,0.012477197705112547,0.035084866264248005,0.006039101477138348,0.0392173067044268,0.07920346922363075,0.035760283187207254,2.283178806022123,C148,22.68639740206179,120.38577112662414,231409.013,2511169.146,4242.640687119285,-3000,-3000,1,2.8306082907669396,63.456375334400995,NO,2022-12-31,"{""geodesic"":false,""crs"":{""type"":""name"",""properties"":{""name"":""EPSG:32651""}},""type"":""Polygon"",""coordinates"":[[[231010.71545000002,2510770.8484500004],[231807.31055,2510770.8484500004],[231807.31055,2511567.44355],[231010.71545000002,2511567.44355],[231010.71545000002,2510770.8484500004]]]}"
219,0.9373181310624265,152.29958344327576,0.24178010063648647,0.18998776550932675,0.25002160869280743,0.7820447879203565,0.7400959995809114,0.793738744979446,12.8079198110409,29.607081526101616,32.295728084426095,15.717287691091775,0.01719839608376894,57.60326982478368,0.0016054730786279336,0.057303522495919745,0.018106407648705886,0.02363987740194018,0.07450537310622618,0.04182948722921431,2.720162693522239,C220,22.759067658157264,120.41358988954055,234409.013,2519169.146,5000,0,5000,1,2.8746925274189175,63.456375334400995,NO,2022-12-31,"{""geodesic"":false,""crs"":{""type"":""name"",""properties"":{""name"":""EPSG:32651""}},""type"":""Polygon"",""coordinates"":[[[234010.71545000002,2518770.8484500004],[234807.31055,2518770.8484500004],[234807.31055,2519567.44355],[234010.71545000002,2519567.44355],[234010.71545000002,2518770.8484500004]]]}"
159,0.7963815612627576,73.39673860988314,0.2089040338303557,0.12307134989226645,0.192833940353301,0.7053641356281206,0.640632031124115,0.7044104653246674,9.729762563098339,28.8000725467429,33.18068093831236,18.889884054979778,0.1237381737158999,21.29957500860894,0.03127059372750285,0.009612893121140553,0.039081260690800534,0.05304077489029568,0.024958595350570212,0.04749879242556421,0.3579945544203227,C160,22.79468884289392,120.38370968972075,231409.013,2523169.146,9486.832980505138,-3000,9000,1,2.9150877962184714,63.456375334400995,NO,2022-12-31,"{""geodesic"":false,""crs"":{""type"":""name"",""properties"":{""name"":""EPSG:32651""}},""type"":""Polygon"",""coordinates"":[[[231010.71545000002,2522770.8484500004],[231807.31055,2522770.8484500004],[231807.31055,2523567.44355],[231010.71545000002,2523567.44355],[231010.71545000002,2522770.8484500004]]]}"
261,0.8188691977281873,96.80255359591463,0.1805033633426805,0.1383663338836655,0.19726226067172362,0.6915179188158171,0.6478329966060309,0.7098867788017117,8.209379553852608,23.425154810670904,31.8761106788929,17.80125714730634,0.10125053725047017,2.106239977422547,0.059671264215178044,0.005682090870258505,0.03465294037237793,0.06688699170259915,0.017757629868654368,0.04202247894851996,1.878377563666053,C262,22.741332639226044,120.4333887977849,236409.013,2517169.146,3605.5512754639894,2000,3000,1,3.0197346906710836,63.456375334400995,NO,2022-12-31,"{""geodesic"":false,""crs"":{""type"":""name"",""properties"":{""name"":""EPSG:32651""}},""type"":""Polygon"",""coordinates"":[[[236010.71545000002,2516770.8484500004],[236807.31055,2516770.8484500004],[236807.31055,2517567.44355],[236010.71545000002,2517567.44355],[236010.71545000002,2516770.8484500004]]]}"
314,0.8507211727113014,121.71946532926862,0.18511604660237088,0.10753842065548093,0.20440763270312048,0.6934486319422993,0.6010034864893427,0.7018132640091583,12.094397083681441,30.246090416476356,25.864724424337915,20.34276914748926,0.06939856226735608,27.02315171077653,0.05505858095548766,0.025145822357926076,0.02750756834098106,0.06495627857611697,0.0645871399853426,0.05009599374107332,2.00663996616278,C315,22.80481734585426,120.45167477499565,238409.013,2524169.146,10770.329614269009,4000,10000,1,3.2569841748297605,63.456375334400995,NO,2022-12-31,"{""geodesic"":false,""crs"":{""type"":""name"",""properties"":{""name"":""EPSG:32651""}},""type"":""Polygon"",""coordinates"":[[[238010.71545000002,2523770.8484500004],[238807.31055,2523770.8484500004],[238807.31055,2524567.44355],[238010.71545000002,2524567.44355],[238010.71545000002,2523770.8484500004]]]}"
266,0.9296234799325451,191.63220037237352,0.2244881322080461,0.17408526377637565,0.23387763867470696,0.7471226081606972,0.683633045999627,0.7552263721069246,14.708381106254839,31.207612835211915,26.35998385927659,16.421985988715093,0.009503744953887616,96.93588675388143,0.01568649534981245,0.04140102076296864,0.0019624376306054125,0.011282302357719098,0.01804241952494179,0.0033171143566929073,4.6206239887361775,C267,22.786455668418036,120.4325447312831,236409.013,2522169.146,8246.211251235321,2000,8000,1,3.3932594410306134,63.456375334400995,NO,2022-12-31,"{""geodesic"":false,""crs"":{""type"":""name"",""properties"":{""name"":""EPSG:32651""}},""type"":""Polygon"",""coordinates"":[[[236010.71545000002,2521770.8484500004],[236807.31055,2521770.8484500004],[236807.31055,2522567.44355],[236010.71545000002,2522567.44355],[236010.71545000002,2521770.8484500004]]]}"
238,0.9766021305507683,137.46368491726014,0.27126797776082884,0.19632821617373006,0.26870445682158234,0.7868838381484844,0.7323308922387534,0.8147150935379464,12.836202113905102,25.265761459635524,31.39421430456157,17.94912335232689,0.056482395572110766,42.767371298768055,0.0310933502029703,0.06364397316032305,0.036789255777480795,0.028478927630068096,0.06674026576406811,0.0628058357877147,2.748444996386441,C239,22.741175959727055,120.42365926116817,235409.013,2517169.146,3162.2776601683795,1000,3000,1,3.5507943309400027,63.456375334400995,NO,2022-12-31,"{""geodesic"":false,""crs"":{""type"":""name"",""properties"":{""name"":""EPSG:32651""}},""type"":""Polygon"",""coordinates"":[[[235010.71545000002,2516770.8484500004],[235807.31055,2516770.8484500004],[235807.31055,2517567.44355],[235010.71545000002,2517567.44355],[235010.71545000002,2516770.8484500004]]]}"
116,0.8026994309344495,28.953673899300867,0.2282495480931231,0.1550939008248602,0.23977682453532612,0.7065687397812587,0.6324257264828547,0.750419603084217,6.272966452142023,29.05982758098632,33.25280686067252,20.30870431146401,0.117420304044208,65.74263971919122,0.01192507946473545,0.022409657811453182,0.007861623491224573,0.05183617073715763,0.03316489999183059,0.0014896546660146948,3.8147906653766386,C117,22.614043543138116,120.37741824499267,230409.013,2503169.146,11704.699910719624,-4000,-11000,1,3.7590587289412207,63.456375334400995,NO,2022-12-31,"{""geodesic"":false,""crs"":{""type"":""name"",""properties"":{""name"":""EPSG:32651""}},""type"":""Polygon"",""coordinates"":[[[230010.71545000002,2502770.8484500004],[230807.31055,2502770.8484500004],[230807.31055,2503567.44355],[230010.71545000002,2503567.44355],[230010.71545000002,2502770.8484500004]]]}"
183,0.797144105391755,116.76063220716972,0.24056755800496094,0.13409156983906056,0.22532260004898225,0.728035008574192,0.6504359211479565,0.7303510027854592,15.612945676174993,32.553429069492225,32.31762063985732,24.67862781605258,0.12297562958690256,22.064318588677637,3.9293044710239644E-4,0.0014073268256535598,0.0065926009951192965,0.030369901944224287,0.015154705326728801,0.021558254964772483,5.525188558656332,C184,22.803872590719546,120.39327099722468,232409.013,2524169.146,10198.03902718557,-2000,10000,1,3.766573089735273,63.456375334400995,NO,2022-12-31,"{""geodesic"":false,""crs"":{""type"":""name"",""properties"":{""name"":""EPSG:32651""}},""type"":""Polygon"",""coordinates"":[[[232010.71545000002,2523770.8484500004],[232807.31055,2523770.8484500004],[232807.31055,2524567.44355],[232010.71545000002,2524567.44355],[232010.71545000002,2523770.8484500004]]]}"
158,0.8126285711813938,126.17127828720471,0.22175236409571392,0.0718051339582647,0.17644486982131866,0.7300353389347907,0.6088901842495024,0.7534789224425197,13.977285812804146,32.49125824106899,33.09128221733493,16.52168461693898,0.10749116379726376,31.47496466871263,0.018422263462144622,0.06087910905514231,0.05547033122278289,0.02836957158362563,0.05670044222518289,0.0015696646922880308,3.8895286952854846,C159,22.785664618984626,120.38388195544343,231409.013,2522169.146,8544.003745317532,-3000,8000,1,4.01846307837922,63.456375334400995,NO,2022-12-31,"{""geodesic"":false,""crs"":{""type"":""name"",""properties"":{""name"":""EPSG:32651""}},""type"":""Polygon"",""coordinates"":[[[231010.71545000002,2521770.8484500004],[231807.31055,2521770.8484500004],[231807.31055,2522567.44355],[231010.71545000002,2522567.44355],[231010.71545000002,2521770.8484500004]]]}"
153,0.7745681027914435,80.21215782068084,0.19749960550030793,0.15863991346760092,0.21522677918324964,0.6795122181887999,0.6275181870840557,0.7065093502080818,11.568947818762043,26.268237565247237,31.296223058370455,19.079734061190152,0.145551632187214,14.48415579781124,0.04267502205755061,0.02595567045419392,0.0166884218608519,0.07889269232961638,0.03807243939062954,0.04539990754214984,1.4811907012433814,C154,22.74054332797734,120.38474197607057,231409.013,2517169.146,4242.640687119285,-3000,3000,1,4.247331285436172,63.456375334400995,NO,2022-12-31,"{""geodesic"":false,""crs"":{""type"":""name"",""properties"":{""name"":""EPSG:32651""}},""type"":""Polygon"",""coordinates"":[[[231010.71545000002,2516770.8484500004],[231807.31055,2516770.8484500004],[231807.31055,2517567.44355],[231010.71545000002,2517567.44355],[231010.71545000002,2516770.8484500004]]]}"
41,0.8457263232828697,37.426734278088844,0.17233497099879738,0.12150293484654405,0.20593781000993305,0.6627453694973049,0.6283669311054524,0.7276036234111054,7.094037393453541,28.923437232545673,31.227730034660496,22.10821638209266,0.07439341169578784,57.26957934040324,0.06783965655906116,0.011181308166862955,0.02597739103416849,0.0956595410211114,0.03722369536923287,0.024305634339126247,2.9937197240651203,C042,22.66754740569019,120.33749427443351,226409.013,2509169.146,9433.981132056604,-8000,-5000,1,4.279346202116223,63.456375334400995,NO,2022-12-31,"{""geodesic"":false,""crs"":{""type"":""name"",""properties"":{""name"":""EPSG:32651""}},""type"":""Polygon"",""coordinates"":[[[226010.71545000002,2508770.8484500004],[226807.31055,2508770.8484500004],[226807.31055,2509567.44355],[226010.71545000002,2509567.44355],[226010.71545000002,2508770.8484500004]]]}"
262,0.8238819675615948,117.72276144789446,0.17112530955421454,0.09522139503258667,0.19608488820871992,0.6674574146291155,0.6102696260928321,0.697490782725701,9.819297317080677,26.042583207839055,29.158304531946815,20.827227521787236,0.09623776741706269,23.026447829402372,0.069049318003644,0.037462847980820335,0.03583031283538163,0.09094749588930084,0.05532100038185317,0.05441847502453068,0.26845980043798434,C263,22.75035726782461,120.43322015556724,236409.013,2518169.146,4472.13595499958,2000,4000,1,4.423110296486912,63.456375334400995,NO,2022-12-31,"{""geodesic"":false,""crs"":{""type"":""name"",""properties"":{""name"":""EPSG:32651""}},""type"":""Polygon"",""coordinates"":[[[236010.71545000002,2517770.8484500004],[236807.31055,2517770.8484500004],[236807.31055,2518567.44355],[236010.71545000002,2518567.44355],[236010.71545000002,2517770.8484500004]]]}"
292,0.9971895861436957,122.44506005498485,0.29551063428252494,0.1793537934712969,0.2971249683610014,0.821657516423922,0.7310792495114978,0.8298782209407553,10.567480730339446,30.864400621158325,25.090169298391434,18.42814566446699,0.07706985116503817,27.748746436492766,0.0553360067246664,0.0466695504578899,0.06520976731689984,0.06325260590550574,0.06548862303681258,0.0779689631905236,0.47972361282078424,C293,22.813685987423252,120.44177199609553,237409.013,2525169.146,11401.75425099138,3000,11000,1,4.473566851658298,63.456375334400995,NO,2022-12-31,"{""geodesic"":false,""crs"":{""type"":""name"",""properties"":{""name"":""EPSG:32651""}},""type"":""Polygon"",""coordinates"":[[[237010.71545000002,2524770.8484500004],[237807.31055,2524770.8484500004],[237807.31055,2525567.44355],[237010.71545000002,2525567.44355],[237010.71545000002,2524770.8484500004]]]}"
146,0.7755772069751155,78.60101763182446,0.23670692452103426,0.11421561933282097,0.23235268365446143,0.7059919506537953,0.5670287093622901,0.6926167766173682,8.508925435826889,29.083345949710377,30.14399910521562,18.210717390887865,0.14454252800354206,16.095295986667622,0.0034677030368242823,0.018468623680586035,4.3748261035989056E-4,0.05241295986462102,0.09856191711239515,0.05929248113286345,1.5788316816917725,C147,22.67737304117592,120.38594234723388,231409.013,2510169.146,5000,-3000,-4000,1,4.842740092954481,63.456375334400995,NO,2022-12-31,"{""geodesic"":false,""crs"":{""type"":""name"",""properties"":{""name"":""EPSG:32651""}},""type"":""Polygon"",""coordinates"":[[[231010.71545000002,2509770.8484500004],[231807.31055,2509770.8484500004],[231807.31055,2510567.44355],[231010.71545000002,2510567.44355],[231010.71545000002,2509770.8484500004]]]}"
245,0.91576420949077,194.32900936619149,0.3116993178196136,0.1373008187178689,0.23669724151108637,0.8166252683172018,0.6776820924405051,0.7639775711189215,15.316008695424761,32.42525059214583,32.57036817781,17.968515084346397,0.004355525487887535,99.6326957476994,0.07152469026175504,0.004616575704461889,0.004782040466984827,0.05822035779878554,0.012091465965819892,0.012068313368689854,5.2282515779061,C246,22.804347637772857,120.42247249915305,235409.013,2524169.146,10049.875621120891,1000,10000,1,4.856524369285995,63.456375334400995,NO,2022-12-31,"{""geodesic"":false,""crs"":{""type"":""name"",""properties"":{""name"":""EPSG:32651""}},""type"":""Polygon"",""coordinates"":[[[235010.71545000002,2523770.8484500004],[235807.31055,2523770.8484500004],[235807.31055,2524567.44355],[235010.71545000002,2524567.44355],[235010.71545000002,2523770.8484500004]]]}"
174,0.8176376333448062,75.5597469391639,0.189330733782713,0.09247654976371873,0.21179310732567086,0.6863403233909726,0.5742281031727907,0.6955692474459879,7.414427500919859,27.500880262651346,29.828288533350808,19.006207257516834,0.1024821016338513,19.136566679328183,0.05084389377514553,0.04020769324968827,0.020122093718430684,0.07206458712744368,0.09136252330189454,0.05634001030424374,2.673329616598802,C175,22.7226536365552,120.39481329185985,232409.013,2515169.146,2236.06797749979,-2000,1000,1,4.893478577874764,63.456375334400995,NO,2022-12-31,"{""geodesic"":false,""crs"":{""type"":""name"",""properties"":{""name"":""EPSG:32651""}},""type"":""Polygon"",""coordinates"":[[[232010.71545000002,2514770.8484500004],[232807.31055,2514770.8484500004],[232807.31055,2515567.44355],[232010.71545000002,2515567.44355],[232010.71545000002,2514770.8484500004]]]}"
177,0.7688928959189049,63.52473293961994,0.17879852443526115,0.12170618830665014,0.19638862953076108,0.676437574725575,0.6222462142718629,0.6954345231136545,9.728982480981326,27.85033495708681,30.713486093456755,20.94479402966262,0.15122683905975265,31.171580678872147,0.06137610312259739,0.010978054706756862,0.03552657151334046,0.08196733579284132,0.04334441220282237,0.05647473463657715,0.3587746365373352,C178,22.749726724015318,120.3942999751497,232409.013,2518169.146,4472.13595499958,-2000,4000,0,5.114063213396999,63.456375334400995,NO,2022-12-31,"{""geodesic"":false,""crs"":{""type"":""name"",""properties"":{""name"":""EPSG:32651""}},""type"":""Polygon"",""coordinates"":[[[232010.71545000002,2517770.8484500004],[232807.31055,2517770.8484500004],[232807.31055,2518567.44355],[232010.71545000002,2518567.44355],[232010.71545000002,2517770.8484500004]]]}"
129,0.7654694806234067,79.05551741461677,0.19575781796071112,0.12889459324721028,0.19443497869573584,0.6794796659632905,0.6100792122038904,0.6953481029651062,12.759873474130439,23.68987688681783,29.494588964614568,16.006166473146845,0.15465025435525082,15.640796203875311,0.044416809597147416,0.0037896497661967232,0.037480222348365705,0.07892524455512584,0.05551141427079487,0.05656115478512547,2.6721163566117774,C130,22.731359469523245,120.37518525157965,230409.013,2516169.146,4472.13595499958,-4000,2000,0,5.366088725693947,63.456375334400995,NO,2022-12-31,"{""geodesic"":false,""crs"":{""type"":""name"",""properties"":{""name"":""EPSG:32651""}},""type"":""Polygon"",""coordinates"":[[[230010.71545000002,2515770.8484500004],[230807.31055,2515770.8484500004],[230807.31055,2516567.44355],[230010.71545000002,2516567.44355],[230010.71545000002,2515770.8484500004]]]}"
291,0.978233505348623,162.78910649478723,0.27335101165862574,0.21569996364829266,0.27688067855008325,0.7969144581088556,0.7350052280876105,0.7929607749974459,14.933974498366016,32.70493497055798,29.54526230838295,17.690584433841895,0.058113770369965456,68.09279287629515,0.0331763841007672,0.08301572063488566,0.044965477505981705,0.03850954759043934,0.06941460161292523,0.04105151724721423,4.846217380847355,C292,22.80466136974839,120.44194059759687,237409.013,2524169.146,10440.30650891055,3000,10000,1,5.442495672632307,63.456375334400995,NO,2022-12-31,"{""geodesic"":false,""crs"":{""type"":""name"",""properties"":{""name"":""EPSG:32651""}},""type"":""Polygon"",""coordinates"":[[[237010.71545000002,2523770.8484500004],[237807.31055,2523770.8484500004],[237807.31055,2524567.44355],[237010.71545000002,2524567.44355],[237010.71545000002,2523770.8484500004]]]}"
218,0.9900498496230843,170.448522400815,0.27154691562135214,0.20390908532596563,0.27547129783755175,0.8279602979260862,0.738456517734517,0.8127459228000163,13.2625685149229,30.5390006717062,32.416308310062476,15.076322386849611,0.06993011464442678,75.75220878232291,0.0313722880634936,0.07122484231255863,0.04355609679345021,0.06955538740766987,0.07286589125983178,0.06083666504978469,3.1748113974042393,C219,22.75004317919123,120.41375989303413,234409.013,2518169.146,4000,0,4000,1,5.545836739344217,63.456375334400995,NO,2022-12-31,"{""geodesic"":false,""crs"":{""type"":""name"",""properties"":{""name"":""EPSG:32651""}},""type"":""Polygon"",""coordinates"":[[[234010.71545000002,2517770.8484500004],[234807.31055,2517770.8484500004],[234807.31055,2518567.44355],[234010.71545000002,2518567.44355],[234010.71545000002,2517770.8484500004]]]}"
204,0.7414604635699791,102.0449765088208,0.22255488129342163,0.09509472336424422,0.19345982032129483,0.705491881151909,0.600195846029015,0.6858051002481443,8.322220149648958,32.40007736671385,31.109107458781484,17.185861789185594,0.17865927140867843,7.348662890328711,0.01761974626443691,0.03758951964916278,0.038455380722806715,0.052913029366507325,0.06539478044567026,0.06610415750208731,1.7655369678697035,C205,22.813055873871665,120.40283358389182,233409.013,2525169.146,11045.36101718726,-1000,11000,0,5.685126171363615,63.456375334400995,NO,2022-12-31,"{""geodesic"":false,""crs"":{""type"":""name"",""properties"":{""name"":""EPSG:32651""}},""type"":""Polygon"",""coordinates"":[[[233010.71545000002,2524770.8484500004],[233807.31055,2524770.8484500004],[233807.31055,2525567.44355],[233010.71545000002,2525567.44355],[233010.71545000002,2524770.8484500004]]]}"
239,0.9992121201260361,164.95172551871786,0.29624950974677294,0.20224024259708234,0.274063857212056,0.8210968607634944,0.755508788689794,0.8308980381251361,11.231060754374024,31.139981844775882,33.66381258469712,16.932881903913213,0.0790923851473786,70.25541190022578,0.056074882188914404,0.06955599958367534,0.04214865616795446,0.06269195024507812,0.08991816221510873,0.07898878037490442,1.1433036368553626,C240,22.750200519336406,120.42348998138105,235409.013,2518169.146,4123.105625617661,1000,4000,1,5.961880780809648,63.456375334400995,NO,2022-12-31,"{""geodesic"":false,""crs"":{""type"":""name"",""properties"":{""name"":""EPSG:32651""}},""type"":""Polygon"",""coordinates"":[[[235010.71545000002,2517770.8484500004],[235807.31055,2517770.8484500004],[235807.31055,2518567.44355],[235010.71545000002,2518567.44355],[235010.71545000002,2517770.8484500004]]]}"
259,0.8092904322957822,57.44572002024378,0.1674382384285112,0.1380304683575393,0.20032014419500213,0.6457960278404018,0.6129567112472216,0.678750731581514,7.982071933238548,26.87356165577128,29.52491276161472,20.48428782147809,0.11082930268287527,37.2505935982483,0.07273638912934735,0.005346225344132288,0.03159505684909941,0.1126088826780145,0.052633915227463635,0.07315852616871765,2.105685184280113,C260,22.723283347915377,120.43372582577155,236409.013,2515169.146,2236.06797749979,2000,1000,1,5.9897233739373394,63.456375334400995,NO,2022-12-31,"{""geodesic"":false,""crs"":{""type"":""name"",""properties"":{""name"":""EPSG:32651""}},""type"":""Polygon"",""coordinates"":[[[236010.71545000002,2514770.8484500004],[236807.31055,2514770.8484500004],[236807.31055,2515567.44355],[236010.71545000002,2515567.44355],[236010.71545000002,2514770.8484500004]]]}"
169,0.759529793291218,94.89237313743645,0.2577008874461468,0.17626635295827114,0.25424443674052666,0.6913098448424566,0.5836417761722198,0.6826687589838599,6.748095451658124,30.13900054811722,29.230026318277496,17.834402481172763,0.16058994168743956,0.19605951894436657,0.017526259888288237,0.04358210994486414,0.022329235696425115,0.06709506567595969,0.08194885030246546,0.06924049876637173,3.339661665860537,C170,22.677531596171626,120.39566708541243,232409.013,2510169.146,4472.13595499958,-2000,-4000,0,6.2004993723466155,63.456375334400995,NO,2022-12-31,"{""geodesic"":false,""crs"":{""type"":""name"",""properties"":{""name"":""EPSG:32651""}},""type"":""Polygon"",""coordinates"":[[[232010.71545000002,2509770.8484500004],[232807.31055,2509770.8484500004],[232807.31055,2510567.44355],[232010.71545000002,2510567.44355],[232010.71545000002,2509770.8484500004]]]}"
427,0.9017510707441971,34.87551436196867,0.265534388931165,0.20848160428490978,0.27870128386325144,0.7392431819605616,0.6953881477835188,0.7499579882503077,1.9150369165783472,27.31798399151683,28.277270067300417,21.038700041464075,0.018368664234460375,59.820799256523415,0.02535976137330645,0.07579736127150277,0.04678608281914989,0.019161728557854696,0.029797521308833508,0.0019512694999239688,8.172720200940315,C428,22.724665628931398,120.5212839939133,245409.013,2515169.146,11045.36101718726,11000,1000,0,6.381409289448111,63.456375334400995,NO,2022-12-31,"{""geodesic"":false,""crs"":{""type"":""name"",""properties"":{""name"":""EPSG:32651""}},""type"":""Polygon"",""coordinates"":[[[245010.71545000002,2514770.8484500004],[245807.31055,2514770.8484500004],[245807.31055,2515567.44355],[245010.71545000002,2515567.44355],[245010.71545000002,2514770.8484500004]]]}"
182,0.8294922902092177,138.8748315327445,0.22895222847644733,0.10284712073206981,0.20007296084591125,0.7230550330113765,0.6244270478807804,0.7279312007706936,18.657493429706935,31.11813192754967,32.668745021680586,21.923275948900905,0.09062744476943985,44.178517914252424,0.011222399081411205,0.029837122281337197,0.03184224019819029,0.03534987750703977,0.04116357859390485,0.02397805697953803,8.569736312188274,C183,22.79484830816626,120.39344271079912,232409.013,2523169.146,9219.544457292888,-2000,9000,0,6.625384289438214,63.456375334400995,NO,2022-12-31,"{""geodesic"":false,""crs"":{""type"":""name"",""properties"":{""name"":""EPSG:32651""}},""type"":""Polygon"",""coordinates"":[[[232010.71545000002,2522770.8484500004],[232807.31055,2522770.8484500004],[232807.31055,2523567.44355],[232010.71545000002,2523567.44355],[232010.71545000002,2522770.8484500004]]]}"
288,0.7852999535923303,81.56073688705264,0.16478812443199203,0.10878337929174807,0.18866202881251432,0.6503782693232809,0.6034130954407815,0.6694165919728097,8.878566657398244,27.177872378291056,29.055980873366366,20.206583956788343,0.13481978138632722,13.135576731439443,0.0753865031258665,0.023900863721658935,0.04325317223158723,0.10802664119513539,0.06217753103390378,0.08249266577742198,1.2091904601204178,C289,22.777587448396794,120.44244589014058,237409.013,2521169.146,7615.773105863908,3000,7000,1,6.700016435189122,63.456375334400995,NO,2022-12-31,"{""geodesic"":false,""crs"":{""type"":""name"",""properties"":{""name"":""EPSG:32651""}},""type"":""Polygon"",""coordinates"":[[[237010.71545000002,2520770.8484500004],[237807.31055,2520770.8484500004],[237807.31055,2521567.44355],[237010.71545000002,2521567.44355],[237010.71545000002,2520770.8484500004]]]}"
237,0.7742307048218857,93.89937630811217,0.19745305958701728,0.1348153051459941,0.21909681010312343,0.642303149549966,0.5825391113130545,0.6647960251041417,9.865062240458785,25.215500903126642,32.22519275249381,19.4336799798797,0.1458890301567718,0.7969373103799171,0.04272156797084126,0.002131062132587097,0.012818390940978114,0.11610176096845026,0.08305151516163078,0.08711323264608994,0.222694877059876,C238,22.732151388736483,120.42382845514118,235409.013,2516169.146,2236.06797749979,1000,2000,1,6.812803588725039,63.456375334400995,NO,2022-12-31,"{""geodesic"":false,""crs"":{""type"":""name"",""properties"":{""name"":""EPSG:32651""}},""type"":""Polygon"",""coordinates"":[[[235010.71545000002,2515770.8484500004],[235807.31055,2515770.8484500004],[235807.31055,2516567.44355],[235010.71545000002,2516567.44355],[235010.71545000002,2515770.8484500004]]]}"
168,0.7563795096853608,64.57976217768763,0.23857223974922862,0.12955141333699322,0.2378787211760995,0.6767275834704146,0.5561838310312291,0.684529299816812,7.0570931547983395,25.7735966932527,32.774324014516765,17.421336528520932,0.16374022529329668,30.116551440804457,0.0016023878086299237,0.0031328296764137897,0.005963520131997968,0.08167732704800168,0.1094067954434561,0.06737995793341967,3.030663962720322,C169,22.668507153936964,120.39583758420652,232409.013,2509169.146,5385.164807134504,-2000,-5000,0,7.045926586508922,63.456375334400995,NO,2022-12-31,"{""geodesic"":false,""crs"":{""type"":""name"",""properties"":{""name"":""EPSG:32651""}},""type"":""Polygon"",""coordinates"":[[[232010.71545000002,2508770.8484500004],[232807.31055,2508770.8484500004],[232807.31055,2509567.44355],[232010.71545000002,2509567.44355],[232010.71545000002,2508770.8484500004]]]}"
160,0.7540276110184528,61.93721308041261,0.17052892945274237,0.12322388732779539,0.1841150846493972,0.6537151099435418,0.6353359823711854,0.6849052689860975,6.34727792054093,28.89139431255783,31.035431730363392,19.816391238281394,0.16609212396020467,32.75910053807947,0.06964569810511617,0.009460355685611613,0.047800116394704356,0.10468980057487454,0.030254644103499873,0.06700398876413416,3.7404791969777316,C161,22.803713055363534,120.3835373367392,231409.013,2524169.146,10440.30650891055,-3000,10000,0,7.5097835828951505,63.456375334400995,NO,2022-12-31,"{""geodesic"":false,""crs"":{""type"":""name"",""properties"":{""name"":""EPSG:32651""}},""type"":""Polygon"",""coordinates"":[[[231010.71545000002,2523770.8484500004],[231807.31055,2523770.8484500004],[231807.31055,2524567.44355],[231010.71545000002,2524567.44355],[231010.71545000002,2523770.8484500004]]]}"
424,0.8937777264196827,34.62905317849276,0.25451064654500655,0.25390217118197306,0.2575405724186182,0.7278310478394259,0.7281853764157695,0.71874468355396,2.484334228092882,34.179130514309406,34.52792462554075,25.00376452093503,0.02634200855897484,60.06726043999932,0.014336018987148008,0.12121792816856605,0.025625371374516676,0.030573862678990427,0.06259474994108427,0.03316457419627161,7.603422889425779,C425,22.697589780097818,120.5217717122859,245409.013,2512169.146,11180.339887498949,11000,-2000,0,7.684815810617586,63.456375334400995,NO,2022-12-31,"{""geodesic"":false,""crs"":{""type"":""name"",""properties"":{""name"":""EPSG:32651""}},""type"":""Polygon"",""coordinates"":[[[245010.71545000002,2511770.8484500004],[245807.31055,2511770.8484500004],[245807.31055,2512567.44355],[245010.71545000002,2512567.44355],[245010.71545000002,2511770.8484500004]]]}"
286,0.7710186267161103,75.71655419037774,0.165002742754901,0.11815892877720208,0.20200629417392857,0.6286249606082269,0.5892801901547662,0.6772485010557224,10.300178743420645,23.86181822900668,30.797711996846004,19.919784559655493,0.1491011082625472,18.97975942811435,0.07517188480295753,0.014525314236204928,0.029908906870172974,0.12977994991018937,0.07631043631991907,0.07466075669450922,0.21242162590198355,C287,22.759538110594615,120.44278232545325,237409.013,2519169.146,5830.951894845301,3000,5000,1,7.75820759839889,63.456375334400995,NO,2022-12-31,"{""geodesic"":false,""crs"":{""type"":""name"",""properties"":{""name"":""EPSG:32651""}},""type"":""Polygon"",""coordinates"":[[[237010.71545000002,2518770.8484500004],[237807.31055,2518770.8484500004],[237807.31055,2519567.44355],[237010.71545000002,2519567.44355],[237010.71545000002,2518770.8484500004]]]}"
35,0.7807877192082634,14.042366309144287,0.20929065672463662,0.16557700970583755,0.22416480606170672,0.6861288049304437,0.642108595749566,0.7067092382085778,3.0074775679909074,31.5105480121636,31.56605553966062,22.821795167299346,0.1393320157703941,80.6539473093478,0.03088397083322192,0.03289276669243055,0.007750394982394826,0.0722761055879726,0.02348203072511923,0.04520001954165387,7.080279549527754,C036,22.75762434079473,120.3260172708072,225409.013,2519169.146,10295.630140987001,-9000,5000,0,7.780022400853937,63.456375334400995,NO,2022-12-31,"{""geodesic"":false,""crs"":{""type"":""name"",""properties"":{""name"":""EPSG:32651""}},""type"":""Polygon"",""coordinates"":[[[225010.71545000002,2518770.8484500004],[225807.31055,2518770.8484500004],[225807.31055,2519567.44355],[225010.71545000002,2519567.44355],[225010.71545000002,2518770.8484500004]]]}"
3,0.7595143446662377,54.2970752045243,0.227749100394432,0.08522188507908357,0.17561093570526176,0.692769695593304,0.5928995361423121,0.6825872885698581,15.566305398541063,31.949620798051235,36.637054948287265,25.145784348318294,0.16060539031241983,40.39923841396779,0.012425527163426542,0.047462357934323435,0.05630426533883978,0.06563521492511226,0.0726910903323732,0.06932196918037359,5.478548281022402,C004,22.694130953473714,120.30779490596629,223409.013,2512169.146,11180.339887498949,-11000,-2000,0,7.86652051088273,63.456375334400995,NO,2022-12-31,"{""geodesic"":false,""crs"":{""type"":""name"",""properties"":{""name"":""EPSG:32651""}},""type"":""Polygon"",""coordinates"":[[[223010.71545000002,2511770.8484500004],[223807.31055,2511770.8484500004],[223807.31055,2512567.44355],[223010.71545000002,2512567.44355],[223010.71545000002,2511770.8484500004]]]}"
260,0.7370038442358391,82.0667164318372,0.1762925705656366,0.11946684772886113,0.1862312128121273,0.6664457232846178,0.5987754386374183,0.6689866443779849,7.252968491337745,24.746569632823228,30.57330032683106,18.228826887034064,0.18311589074281842,12.629597186654891,0.06388205699222194,0.01321739528454588,0.045683988231974254,0.09195918723379848,0.06681518783726692,0.08292261337224671,2.8347886261809165,C261,22.732307999255028,120.4335573545113,236409.013,2516169.146,2828.42712474619,2000,2000,0,7.968058351226909,63.456375334400995,NO,2022-12-31,"{""geodesic"":false,""crs"":{""type"":""name"",""properties"":{""name"":""EPSG:32651""}},""type"":""Polygon"",""coordinates"":[[[236010.71545000002,2515770.8484500004],[236807.31055,2515770.8484500004],[236807.31055,2516567.44355],[236010.71545000002,2516567.44355],[236010.71545000002,2515770.8484500004]]]}"
287,0.7820038349666656,89.57566334850796,0.1548739972336476,0.10694871844311934,0.1900016156832739,0.6347959805946922,0.5864681831062919,0.670174006719184,8.573073646131782,26.75271138817014,31.28843571549068,21.69412958430219,0.13811590001199192,5.120650269984125,0.08530063032421095,0.02573552457028766,0.04191358536082765,0.12360892992372408,0.07912244336839336,0.08173525103104762,1.5146834713868795,C288,22.768562785183274,120.44261415041855,237409.013,2520169.146,6708.203932499369,3000,6000,1,7.979941340619511,63.456375334400995,NO,2022-12-31,"{""geodesic"":false,""crs"":{""type"":""name"",""properties"":{""name"":""EPSG:32651""}},""type"":""Polygon"",""coordinates"":[[[237010.71545000002,2519770.8484500004],[237807.31055,2519770.8484500004],[237807.31055,2520567.44355],[237010.71545000002,2520567.44355],[237010.71545000002,2519770.8484500004]]]}"
226,0.7413269874501547,101.68000830518059,0.19234736168006758,0.07587186954400373,0.1717136753896757,0.6762816899660712,0.5697354237510404,0.6719118086742926,8.752945146326498,32.62870527545822,29.73982599904707,18.368714804170136,0.17879274752850283,6.983694686688509,0.04782726587779096,0.05681237346940328,0.06020152565442585,0.08212322055234511,0.0958552027236449,0.07999744907593909,1.3348119711921633,C227,22.822238691570266,120.41239745042019,234409.013,2526169.146,12000,0,12000,0,8.234111660142458,63.456375334400995,NO,2022-12-31,"{""geodesic"":false,""crs"":{""type"":""name"",""properties"":{""name"":""EPSG:32651""}},""type"":""Polygon"",""coordinates"":[[[234010.71545000002,2525770.8484500004],[234807.31055,2525770.8484500004],[234807.31055,2526567.44355],[234010.71545000002,2526567.44355],[234010.71545000002,2525770.8484500004]]]}"
415,0.815474207902651,31.287236902192216,0.24763852200977937,0.21862033805044553,0.24755218187582115,0.6903793147062346,0.6479919039463579,0.6817297534866766,2.392079857302256,28.155062792481118,28.457640179278194,18.28203751296915,0.1046455270760065,63.409076716299865,0.007463894451920833,0.08593609503703853,0.015636980831719605,0.0680255958121817,0.017598722528327393,0.07017950426355501,7.695677260216405,C416,22.715489201174726,120.51171826623282,244409.013,2514169.146,10000,10000,0,0,8.253139242212502,63.456375334400995,NO,2022-12-31,"{""geodesic"":false,""crs"":{""type"":""name"",""properties"":{""name"":""EPSG:32651""}},""type"":""Polygon"",""coordinates"":[[[244010.71545000002,2513770.8484500004],[244807.31055,2513770.8484500004],[244807.31055,2514567.44355],[244010.71545000002,2514567.44355],[244010.71545000002,2513770.8484500004]]]}"
150,0.7691598481585541,56.73407602082966,0.18823170577914228,0.103505686551069,0.21573404351775471,0.6428479447051336,0.5564729785731309,0.6650069421222065,8.153186420897512,27.799639985243445,27.046958876378213,19.048763275775848,0.15095988682010342,37.96223759766242,0.05194292177871626,0.02917855646233801,0.01618115752634683,0.11555696581328267,0.10911764790155432,0.0869023156280252,1.934570696621149,C151,22.713470416342563,120.38525694297756,231409.013,2514169.146,3000,-3000,0,0,8.49140185550879,63.456375334400995,NO,2022-12-31,"{""geodesic"":false,""crs"":{""type"":""name"",""properties"":{""name"":""EPSG:32651""}},""type"":""Polygon"",""coordinates"":[[[231010.71545000002,2513770.8484500004],[231807.31055,2513770.8484500004],[231807.31055,2514567.44355],[231010.71545000002,2514567.44355],[231010.71545000002,2513770.8484500004]]]}"
414,0.7979394006057087,32.97196012771685,0.23631891479663705,0.2152949246778059,0.23195862924247782,0.6765906308943457,0.6522333588937765,0.6829286839278802,2.475390104722624,29.730024155469994,30.016495423808266,17.439678371986787,0.12218033437294884,61.724353490775236,0.003855712761221486,0.08261068166439889,4.3428198376271876E-5,0.08181427962407062,0.013357267580908716,0.06898057382235145,7.612367012796037,C415,22.706463984841545,120.51188147551572,244409.013,2513169.146,10049.875621120891,10000,-1000,0,8.677767950140836,63.456375334400995,NO,2022-12-31,"{""geodesic"":false,""crs"":{""type"":""name"",""properties"":{""name"":""EPSG:32651""}},""type"":""Polygon"",""coordinates"":[[[244010.71545000002,2512770.8484500004],[244807.31055,2512770.8484500004],[244807.31055,2513567.44355],[244010.71545000002,2513567.44355],[244010.71545000002,2512770.8484500004]]]}"
269,0.7477221002467447,161.42444355597672,0.2531112547048827,0.013036081329712672,0.16120775302978324,0.7632915551504581,0.5551125541433953,0.7182849406341133,10.71088978140559,28.6179073045424,28.377708375688343,16.747955065511412,0.17239763473191283,66.72812993748464,0.012936627147024177,0.11964816168369433,0.0707074480143183,0.004886644632041803,0.11047807233128992,0.03362431711611835,0.6231326638869294,C270,22.81352934926544,120.43203726418278,236409.013,2525169.146,11180.339887498949,2000,11000,0,8.919578342752233,63.456375334400995,NO,2022-12-31,"{""geodesic"":false,""crs"":{""type"":""name"",""properties"":{""name"":""EPSG:32651""}},""type"":""Polygon"",""coordinates"":[[[236010.71545000002,2524770.8484500004],[236807.31055,2524770.8484500004],[236807.31055,2525567.44355],[236010.71545000002,2525567.44355],[236010.71545000002,2524770.8484500004]]]}"
242,0.732366784961937,125.83287244935448,0.17799674317217062,0.10082684149911163,0.16539138546957138,0.6661009549577361,0.5819023591807339,0.6605386863650313,11.63654882079875,26.117595551290353,28.906240441163273,18.16719119898014,0.18775295001672054,31.1365588308624,0.062177884385687915,0.03185740151429538,0.06652381557453016,0.09230395556068016,0.0836882672939514,0.09137057138520033,1.548791703280088,C243,22.777274129838894,120.42298162688365,235409.013,2521169.146,7071.067811865475,1000,7000,0,9.031568603392147,63.456375334400995,NO,2022-12-31,"{""geodesic"":false,""crs"":{""type"":""name"",""properties"":{""name"":""EPSG:32651""}},""type"":""Polygon"",""coordinates"":[[[235010.71545000002,2520770.8484500004],[235807.31055,2520770.8484500004],[235807.31055,2521567.44355],[235010.71545000002,2521567.44355],[235010.71545000002,2520770.8484500004]]]}"
258,0.7879546453088397,58.554088416806195,0.14477940977383597,0.11585705180261047,0.17431508929083522,0.6345300491228073,0.5947160267448038,0.6670968245086943,6.489412076709053,22.92444942645433,26.96828397291674,18.492876639021787,0.13216508966981777,36.14222520168589,0.09539521778402257,0.016827191210796538,0.05760011175326632,0.12387486139560899,0.07087459972988142,0.08481243324153731,3.5983450408096083,C259,22.714258685210908,120.43389421159061,236409.013,2514169.146,2000,2000,0,1,9.079258395193843,63.456375334400995,NO,2022-12-31,"{""geodesic"":false,""crs"":{""type"":""name"",""properties"":{""name"":""EPSG:32651""}},""type"":""Polygon"",""coordinates"":[[[236010.71545000002,2513770.8484500004],[236807.31055,2513770.8484500004],[236807.31055,2514567.44355],[236010.71545000002,2514567.44355],[236010.71545000002,2513770.8484500004]]]}"
138,0.7400880077267833,72.0391585566534,0.15007795069694996,0.07953772647401158,0.16625570127590622,0.6518376454819771,0.5999777060315812,0.6811367216557281,8.525348897002868,35.5181221640186,31.550938751145495,23.877680259190836,0.18003172725187422,22.65715506183868,0.09009667686090858,0.05314651653939542,0.06565949976819532,0.10656726503643921,0.06561292044310407,0.07077253609450351,1.5624082205157936,C139,22.812577057547408,120.37363068356727,230409.013,2525169.146,11704.699910719624,-4000,11000,0,9.098024266388423,63.456375334400995,NO,2022-12-31,"{""geodesic"":false,""crs"":{""type"":""name"",""properties"":{""name"":""EPSG:32651""}},""type"":""Polygon"",""coordinates"":[[[230010.71545000002,2524770.8484500004],[230807.31055,2524770.8484500004],[230807.31055,2525567.44355],[230010.71545000002,2525567.44355],[230010.71545000002,2524770.8484500004]]]}"
336,0.7663809494972083,45.92544678968276,0.165681074918355,0.13644628550543036,0.21216552082782134,0.6288354175201879,0.5988409743499431,0.6729182290953472,5.630932951602605,32.141031733329484,30.21721817227932,19.189580582190708,0.15373878548144926,48.770866828809325,0.07449355263950355,0.0037620424920233597,0.019749680216280208,0.1295694929982284,0.06674965212474215,0.0789910286548845,4.456824165916056,C337,22.804972728677324,120.46140903741427,239409.013,2524169.146,11180.339887498949,5000,10000,0,9.252385225570182,63.456375334400995,NO,2022-12-31,"{""geodesic"":false,""crs"":{""type"":""name"",""properties"":{""name"":""EPSG:32651""}},""type"":""Polygon"",""coordinates"":[[[239010.71545000002,2523770.8484500004],[239807.31055,2523770.8484500004],[239807.31055,2524567.44355],[239010.71545000002,2524567.44355],[239010.71545000002,2523770.8484500004]]]}"
179,0.7257164608806825,50.949088747406954,0.16848762599055933,0.1096539428640429,0.16890224708995333,0.6661027325659017,0.6227989386068352,0.6837918753537738,5.116982253826906,30.436559603575912,33.050444086173634,16.45099170903195,0.19440327409797498,43.74722487108513,0.07168700156729921,0.023030300149364108,0.06301295395414822,0.09230217795251461,0.04279168786785004,0.06811738239645782,4.970774863691755,C180,22.76777539193726,120.39395733001183,232409.013,2520169.146,6324.555320336759,-2000,6000,0,9.512356154228279,63.456375334400995,NO,2022-12-31,"{""geodesic"":false,""crs"":{""type"":""name"",""properties"":{""name"":""EPSG:32651""}},""type"":""Polygon"",""coordinates"":[[[232010.71545000002,2519770.8484500004],[232807.31055,2519770.8484500004],[232807.31055,2520567.44355],[232010.71545000002,2520567.44355],[232010.71545000002,2519770.8484500004]]]}"
181,0.7145736766553352,145.24147251349737,0.23894938401757052,0.04571252705767456,0.15330063969662822,0.7428698860799082,0.579416625828801,0.7146655555314084,14.78509054677395,35.16684453183561,33.100878285227346,19.861288032197393,0.2055460583233223,50.54515889500529,0.0012252435402880235,0.08697171595573244,0.07861456134747333,0.015535024438508072,0.08617400064588421,0.03724370221882323,4.6973334292552895,C182,22.785824014182225,120.39361433743814,232409.013,2522169.146,8246.211251235321,-2000,8000,0,9.6207001898949,63.456375334400995,NO,2022-12-31,"{""geodesic"":false,""crs"":{""type"":""name"",""properties"":{""name"":""EPSG:32651""}},""type"":""Polygon"",""coordinates"":[[[232010.71545000002,2521770.8484500004],[232807.31055,2521770.8484500004],[232807.31055,2522567.44355],[232010.71545000002,2522567.44355],[232010.71545000002,2521770.8484500004]]]}"
180,0.6664030101336793,73.9833451463819,0.19329092342728071,0.09048771982125002,0.15295019378780725,0.7018329023331328,0.6076158583018264,0.6913893145282279,11.127381916980305,33.8142339922893,34.11491675971888,18.260765374317106,0.2537167248449782,20.71296847211019,0.046883704130577825,0.042196523192156984,0.0789650072562943,0.05657200818528352,0.05797476817285885,0.060519943222003714,1.0396247994616434,C181,22.776799708771282,120.39378587716718,232409.013,2521169.146,7280.1098892805185,-2000,7000,0,9.774513800298257,63.456375334400995,NO,2022-12-31,"{""geodesic"":false,""crs"":{""type"":""name"",""properties"":{""name"":""EPSG:32651""}},""type"":""Polygon"",""coordinates"":[[[232010.71545000002,2520770.8484500004],[232807.31055,2520770.8484500004],[232807.31055,2521567.44355],[232010.71545000002,2521567.44355],[232010.71545000002,2520770.8484500004]]]}"
265,0.7376106662250409,137.05562926266168,0.1664825815819154,0.09497166385296242,0.17180674156354162,0.6544529222641774,0.5721955592810423,0.6612222204351126,13.268343672801995,28.598940100737344,26.766417408252114,20.614373895037104,0.1825090687536166,42.3593156441696,0.07369204597594314,0.037712579160444584,0.06010845948055993,0.1039519882542389,0.09339506719364299,0.09068703731511907,3.180586555283334,C266,22.777431085347434,120.43271371571636,236409.013,2521169.146,7280.1098892805185,2000,7000,0,10.253855481369994,63.456375334400995,NO,2022-12-31,"{""geodesic"":false,""crs"":{""type"":""name"",""properties"":{""name"":""EPSG:32651""}},""type"":""Polygon"",""coordinates"":[[[236010.71545000002,2520770.8484500004],[236807.31055,2520770.8484500004],[236807.31055,2521567.44355],[236010.71545000002,2521567.44355],[236010.71545000002,2520770.8484500004]]]}"
327,0.8453345461533837,24.482923398919976,0.21507552962822413,0.07971714504696756,0.20819409591439877,0.6614915910521401,0.5445741775208429,0.6639954630549437,2.3654818096970236,24.53411334470765,28.455250585966304,16.709849487136484,0.07478518882527385,70.2133902195721,0.025099097929634412,0.05296709796643945,0.02372110512970277,0.09691331946627624,0.12101644895384234,0.08791379469528793,7.722275307821638,C328,22.723749427086492,120.46291112446669,239409.013,2515169.146,5099.019513592785,5000,1000,0,10.750961306246179,63.456375334400995,NO,2022-12-31,"{""geodesic"":false,""crs"":{""type"":""name"",""properties"":{""name"":""EPSG:32651""}},""type"":""Polygon"",""coordinates"":[[[239010.71545000002,2514770.8484500004],[239807.31055,2514770.8484500004],[239807.31055,2515567.44355],[239010.71545000002,2515567.44355],[239010.71545000002,2514770.8484500004]]]}"
401,0.7604616543499922,30.202521586363684,0.2490671865047739,0.21809111587574886,0.22126109011394277,0.6855763313492058,0.6436798292870674,0.6388243830417891,2.361301935795279,21.48209288084102,26.719651330713607,16.49912900652362,0.15965808062866527,64.4937920321284,0.008892558946915374,0.08540687286234186,0.010654110930158778,0.07282857916921048,0.021910797187617903,0.11308487470844253,7.726455181723383,C402,22.715337454276177,120.50198996609225,243409.013,2514169.146,9000,9000,0,0,11.091409057138987,63.456375334400995,NO,2022-12-31,"{""geodesic"":false,""crs"":{""type"":""name"",""properties"":{""name"":""EPSG:32651""}},""type"":""Polygon"",""coordinates"":[[[243010.71545000002,2513770.8484500004],[243807.31055,2513770.8484500004],[243807.31055,2514567.44355],[243010.71545000002,2514567.44355],[243010.71545000002,2513770.8484500004]]]}"
199,0.6633089595227476,77.31983041117427,0.16768422243365144,0.11538088820232636,0.15208171141502017,0.6636621379303365,0.6178740445540922,0.6669964411653578,9.551950938194027,29.03506776075888,31.92579716449756,12.554152065141293,0.2568107754559099,17.37648320731782,0.0724904051242071,0.01730335481108064,0.07983348962908138,0.09474277258807984,0.047716581920593026,0.08491281658487382,0.5358061793246343,C200,22.76793405489884,120.40368852166776,233409.013,2520169.146,6082.76253029822,-1000,6000,0,11.415377587741252,63.456375334400995,NO,2022-12-31,"{""geodesic"":false,""crs"":{""type"":""name"",""properties"":{""name"":""EPSG:32651""}},""type"":""Polygon"",""coordinates"":[[[233010.71545000002,2519770.8484500004],[233807.31055,2519770.8484500004],[233807.31055,2520567.44355],[233010.71545000002,2520567.44355],[233010.71545000002,2519770.8484500004]]]}"
189,0.8298371035187638,20.615787135250276,0.23610199836607892,0.11936496631979163,0.27985288870615566,0.637011143618205,0.5010682273691638,0.7002187359915291,3.612316630660802,26.77770108393733,31.507801246642245,18.416246515562666,0.09028263145989368,74.08052648324181,0.004072629191779614,0.013319276693615378,0.04793768766205411,0.12139376690021131,0.16452239910552147,0.05169052175870259,6.47544048685786,C190,22.650615991753302,120.40590124308902,233409.013,2507169.146,7071.067811865475,-1000,-7000,0,11.750182551281592,63.456375334400995,NO,2022-12-31,"{""geodesic"":false,""crs"":{""type"":""name"",""properties"":{""name"":""EPSG:32651""}},""type"":""Polygon"",""coordinates"":[[[233010.71545000002,2506770.8484500004],[233807.31055,2506770.8484500004],[233807.31055,2507567.44355],[233010.71545000002,2507567.44355],[233010.71545000002,2506770.8484500004]]]}"
298,0.7393829324827105,17.29670690930485,0.1927430535062504,0.16453987361486944,0.2186217333952786,0.6281222766703641,0.6321160105663974,0.670595283514087,2.674736578815465,24.5894632962298,27.19110134483367,18.54229617238688,0.18073680249594704,77.39960670918724,0.04743157405160814,0.03185563060146243,0.013293467648822943,0.13028263384805217,0.03347461590828782,0.08131397423614461,7.413020538703196,C299,22.66042082126485,120.4543506151363,238409.013,2508169.146,7211.102550927979,4000,-6000,0,12.164167057704589,63.456375334400995,NO,2022-12-31,"{""geodesic"":false,""crs"":{""type"":""name"",""properties"":{""name"":""EPSG:32651""}},""type"":""Polygon"",""coordinates"":[[[238010.71545000002,2507770.8484500004],[238807.31055,2507770.8484500004],[238807.31055,2508567.44355],[238010.71545000002,2508567.44355],[238010.71545000002,2507770.8484500004]]]}"
154,0.7111032975398986,47.63570535640894,0.17493080565441513,0.09305049440922425,0.19672721897317197,0.6347284532750832,0.5551777470990907,0.6561134390538215,6.3354201718204415,25.766109053697615,32.39408886172677,21.276088556461925,0.20901643743875886,47.06060826208314,0.06524382190344341,0.039633748604182756,0.035187982070929574,0.1236764572433331,0.11041287937559452,0.09579581869641018,3.75233694569822,C155,22.74956760902744,120.38457014625811,231409.013,2518169.146,5000,-3000,4000,0,12.4752470695172,63.456375334400995,NO,2022-12-31,"{""geodesic"":false,""crs"":{""type"":""name"",""properties"":{""name"":""EPSG:32651""}},""type"":""Polygon"",""coordinates"":[[[231010.71545000002,2517770.8484500004],[231807.31055,2517770.8484500004],[231807.31055,2518567.44355],[231010.71545000002,2518567.44355],[231010.71545000002,2517770.8484500004]]]}"
284,0.7253456938811698,50.51535500631225,0.15121818058965514,0.1235854052193487,0.17493807836606495,0.6091307305078618,0.5770937689495196,0.6460534586015595,6.904023515407532,19.940012989203872,28.11807878427969,20.10680623160453,0.19477404109748775,44.180958612179836,0.0889564469682034,0.009098837794058304,0.05697712267803659,0.14927418001055448,0.08849685752516567,0.10585579914867216,3.183733602111129,C285,22.7414887273071,120.44311841989284,237409.013,2517169.146,4242.640687119285,3000,3000,0,12.987085351326105,63.456375334400995,NO,2022-12-31,"{""geodesic"":false,""crs"":{""type"":""name"",""properties"":{""name"":""EPSG:32651""}},""type"":""Polygon"",""coordinates"":[[[237010.71545000002,2516770.8484500004],[237807.31055,2516770.8484500004],[237807.31055,2517567.44355],[237010.71545000002,2517567.44355],[237010.71545000002,2516770.8484500004]]]}"
224,0.9961106541751145,238.38514287197307,0.30738826882573045,0.22907593895591039,0.31535000975498234,0.8133049437483805,0.7487157804192084,0.8488134329486302,16.40205639856058,37.37261774478491,31.549248053627732,17.964400188596745,0.07599091919645695,143.688829253481,0.06721364126787191,0.09639169594250338,0.0834348087108808,0.054900033229964174,0.08312515394452313,0.09690417519839856,6.314299281041917,C225,22.804189881945707,120.41273857875508,234409.013,2524169.146,10000,0,10000,0,13.00306820870334,63.456375334400995,NO,2022-12-31,"{""geodesic"":false,""crs"":{""type"":""name"",""properties"":{""name"":""EPSG:32651""}},""type"":""Polygon"",""coordinates"":[[[234010.71545000002,2523770.8484500004],[234807.31055,2523770.8484500004],[234807.31055,2524567.44355],[234010.71545000002,2524567.44355],[234010.71545000002,2523770.8484500004]]]}"
400,0.7385487067338073,29.260511398922397,0.22515905685936302,0.21102880856979822,0.22435870500820962,0.6437783628060592,0.6224267378157442,0.6399641649616894,2.377959031405141,26.877110513901577,31.16538432780245,18.27048935682431,0.18157102824485016,65.4358022195697,0.015015570698495517,0.07834456555639122,0.007556496035891924,0.11462654771235714,0.04316388865894105,0.11194509278854226,7.709798086113521,C401,22.70631230481582,120.50215381185096,243409.013,2513169.146,9055.385138137417,9000,-1000,0,13.078474341652123,63.456375334400995,NO,2022-12-31,"{""geodesic"":false,""crs"":{""type"":""name"",""properties"":{""name"":""EPSG:32651""}},""type"":""Polygon"",""coordinates"":[[[243010.71545000002,2512770.8484500004],[243807.31055,2512770.8484500004],[243807.31055,2513567.44355],[243010.71545000002,2513567.44355],[243010.71545000002,2512770.8484500004]]]}"
246,0.9480351511833335,302.5378636529076,0.28282948480733744,0.19258919722786688,0.2773504032391739,0.7765426777351958,0.7041652440215457,0.7898055784488064,17.83381549031908,33.3066595314617,30.654868448778767,17.99291835030928,0.02791541620467597,207.84155003441555,0.0426548572494789,0.05990495421445988,0.04543520219507238,0.01813776721677951,0.038574617546860424,0.03789632069857474,7.746058372800418,C247,22.813372117606686,120.42230261796216,235409.013,2525169.146,11045.36101718726,1000,11000,0,13.183540555816052,63.456375334400995,NO,2022-12-31,"{""geodesic"":false,""crs"":{""type"":""name"",""properties"":{""name"":""EPSG:32651""}},""type"":""Polygon"",""coordinates"":[[[235010.71545000002,2524770.8484500004],[235807.31055,2524770.8484500004],[235807.31055,2525567.44355],[235010.71545000002,2525567.44355],[235010.71545000002,2524770.8484500004]]]}"
200,0.6452526066464914,66.43853764551827,0.19004985488346124,0.09699892876473429,0.139713954221572,0.6669517929218144,0.599935860661973,0.6523304258521747,7.764689241328962,28.465447914342892,30.64466494095226,15.610262706957517,0.2748671283321661,28.257775972973818,0.0501247726743973,0.03568531424867272,0.09220124682252953,0.09145311759660191,0.06565476581271223,0.09957883189805694,2.3230678761896995,C201,22.776958441529434,120.40351770728586,233409.013,2521169.146,7071.067811865475,-1000,7000,0,13.483997670973991,63.456375334400995,NO,2022-12-31,"{""geodesic"":false,""crs"":{""type"":""name"",""properties"":{""name"":""EPSG:32651""}},""type"":""Polygon"",""coordinates"":[[[233010.71545000002,2520770.8484500004],[233807.31055,2520770.8484500004],[233807.31055,2521567.44355],[233010.71545000002,2521567.44355],[233010.71545000002,2520770.8484500004]]]}"
244,0.6368052985075994,116.95019054334018,0.19074858462588246,0.07726943699423619,0.16469725636434765,0.6752807197712667,0.5766541891184007,0.6544137434627348,8.817025388086202,27.80917858425092,31.819706513202025,17.737141645970652,0.28331443647105814,22.2538769248481,0.04942604293197608,0.055414806019170815,0.0672179446797539,0.0831241907471496,0.08893643735628454,0.09749551428749681,1.270731729432459,C245,22.79532314653107,120.4226422943534,235409.013,2523169.146,9055.385138137417,1000,9000,0,13.583902911401715,63.456375334400995,NO,2022-12-31,"{""geodesic"":false,""crs"":{""type"":""name"",""properties"":{""name"":""EPSG:32651""}},""type"":""Polygon"",""coordinates"":[[[235010.71545000002,2522770.8484500004],[235807.31055,2522770.8484500004],[235807.31055,2523567.44355],[235010.71545000002,2523567.44355],[235010.71545000002,2522770.8484500004]]]}"
229,0.9294535450577686,13.429886415529689,0.3274591557542267,0.33030706328806114,0.3419229129995217,0.6978169314969076,0.6974699750180667,0.7269392033131078,2.765421101272352,25.948421984752784,30.02912560164665,19.05003129891417,0.009333810079111049,81.26642720296239,0.08728452819636814,0.19762282027465414,0.11000771195542017,0.0605879790215087,0.03187934854338148,0.024970054437123856,7.322336016246309,C230,22.632880357772947,120.42568393229054,235409.013,2505169.146,9055.385138137417,1000,-9000,0,14.547236196194593,63.456375334400995,NO,2022-12-31,"{""geodesic"":false,""crs"":{""type"":""name"",""properties"":{""name"":""EPSG:32651""}},""type"":""Polygon"",""coordinates"":[[[235010.71545000002,2504770.8484500004],[235807.31055,2504770.8484500004],[235807.31055,2505567.44355],[235010.71545000002,2505567.44355],[235010.71545000002,2504770.8484500004]]]}"
53,0.690089459897531,19.269859052925103,0.1969893334061281,0.14338933078490682,0.1994922301860965,0.6477579289191746,0.5951425938825966,0.6252091873446883,3.111044670382243,33.41214830432797,29.52131755760947,23.663082791653007,0.2300302750811265,75.42645456556698,0.04318529415173045,0.01070508777149981,0.03242297085800505,0.11064698159924169,0.07044803259208865,0.12670007040554332,6.976712447136418,C054,22.77583487313429,120.33539673233884,226409.013,2521169.146,10630.145812734649,-8000,7000,0,15.01517405410251,63.456375334400995,NO,2022-12-31,"{""geodesic"":false,""crs"":{""type"":""name"",""properties"":{""name"":""EPSG:32651""}},""type"":""Polygon"",""coordinates"":[[[226010.71545000002,2520770.8484500004],[226807.31055,2520770.8484500004],[226807.31055,2521567.44355],[226010.71545000002,2521567.44355],[226010.71545000002,2520770.8484500004]]]}"
423,0.7120790326936149,35.057746342229066,0.2116425739537788,0.18441018629745845,0.21559706306817988,0.6248224599040597,0.5983336906982604,0.6276462776494596,2.4634010452966564,31.51170109753214,33.55590393921399,24.13411940056873,0.20804070228504257,59.63856727626302,0.028532053604079732,0.051725943284051445,0.01631813797592166,0.13358245061435658,0.06725693577642489,0.12426298010077208,7.624356072222005,C424,22.688564474596017,120.52193412011688,245409.013,2511169.146,11401.75425099138,11000,-3000,0,15.088110706987074,63.456375334400995,NO,2022-12-31,"{""geodesic"":false,""crs"":{""type"":""name"",""properties"":{""name"":""EPSG:32651""}},""type"":""Polygon"",""coordinates"":[[[245010.71545000002,2510770.8484500004],[245807.31055,2510770.8484500004],[245807.31055,2511567.44355],[245010.71545000002,2511567.44355],[245010.71545000002,2510770.8484500004]]]}"
313,0.6834712689562346,69.48563741335634,0.1539597703100303,0.10395366965235266,0.17159036540323527,0.623992209480116,0.5491430757789618,0.624389169506088,9.282705465518788,27.012916904318033,25.544128379309466,21.077643553257882,0.23664846602242295,25.21067620513574,0.08621485724782824,0.02873057336105435,0.06032483564086627,0.13441270103830028,0.11644755069572343,0.12752008824414363,0.8050516519998734,C314,22.795792648268,120.45184265159469,238409.013,2523169.146,9848.857801796104,4000,9000,0,15.095265651951967,63.456375334400995,NO,2022-12-31,"{""geodesic"":false,""crs"":{""type"":""name"",""properties"":{""name"":""EPSG:32651""}},""type"":""Polygon"",""coordinates"":[[[238010.71545000002,2522770.8484500004],[238807.31055,2522770.8484500004],[238807.31055,2523567.44355],[238010.71545000002,2523567.44355],[238010.71545000002,2522770.8484500004]]]}"
271,0.9416202641467694,13.441590293814293,0.33578133190060033,0.33145207959741185,0.33977545704174383,0.7185141871386616,0.7195308112745641,0.7562401195859129,2.2928183787258996,29.765365665863506,31.738842848553396,22.766497741102032,0.021500529168111848,81.2547233246778,0.0956067043427418,0.19876783658400485,0.10786025599764229,0.039890723379754744,0.05394018479987883,0.00433086183568121,7.794938738792762,C272,22.624166629339598,120.4452947387387,237409.013,2504169.146,10440.30650891055,3000,-10000,0,15.142963480926985,63.456375334400995,NO,2022-12-31,"{""geodesic"":false,""crs"":{""type"":""name"",""properties"":{""name"":""EPSG:32651""}},""type"":""Polygon"",""coordinates"":[[[237010.71545000002,2503770.8484500004],[237807.31055,2503770.8484500004],[237807.31055,2504567.44355],[237010.71545000002,2504567.44355],[237010.71545000002,2503770.8484500004]]]}"
426,0.7275585549232603,33.90382921977642,0.20244808903318676,0.17832891380863686,0.21669325983725093,0.6121078388651866,0.5769515093099981,0.6303779374374212,2.490331906010553,25.039996490072404,28.082577844076393,20.12233086381912,0.19256118005539724,60.792484398715665,0.03772653852467178,0.04564467079522985,0.015221941206850609,0.1462970716532297,0.0886391171646872,0.12153132031281044,7.597425211508108,C427,22.715640357269283,120.52144664920826,245409.013,2514169.146,11000,11000,0,0,15.436306789690244,63.456375334400995,NO,2022-12-31,"{""geodesic"":false,""crs"":{""type"":""name"",""properties"":{""name"":""EPSG:32651""}},""type"":""Polygon"",""coordinates"":[[[245010.71545000002,2513770.8484500004],[245807.31055,2513770.8484500004],[245807.31055,2514567.44355],[245010.71545000002,2514567.44355],[245010.71545000002,2513770.8484500004]]]}"
223,0.5857142239197849,152.81174614572228,0.248147183406126,0.07376972375168953,0.14694842092156557,0.7462067048705289,0.6009946342710079,0.6845140116653314,13.406789522123729,31.18717245052881,34.22669744856684,18.322027205646513,0.3344055110588726,58.1154325272302,0.007972555848267449,0.05891451926171748,0.08496678012253597,0.012198205647887428,0.0645959922036774,0.06739524608490022,3.3190324046050677,C224,22.79516546000632,120.41290901343885,234409.013,2523169.146,9000,0,9000,0,15.536848123776187,63.456375334400995,NO,2022-12-31,"{""geodesic"":false,""crs"":{""type"":""name"",""properties"":{""name"":""EPSG:32651""}},""type"":""Polygon"",""coordinates"":[[[234010.71545000002,2522770.8484500004],[234807.31055,2522770.8484500004],[234807.31055,2523567.44355],[234010.71545000002,2523567.44355],[234010.71545000002,2522770.8484500004]]]}"
270,0.9476322510438635,11.6367280553827,0.33972526277978776,0.33549101112210095,0.35648819944919513,0.70112680560221,0.7169453978728714,0.7561392559182404,2.3534161913960205,30.377781293198204,28.531116929406544,20.075951001905125,0.027512516065205994,83.05958556310938,0.09955063522192922,0.20280676810869394,0.12457299840509359,0.05727810491620633,0.051354771398186116,0.004229998168008731,7.734340926122641,C271,22.61514177326722,120.44546155326917,237409.013,2503169.146,11401.75425099138,3000,-11000,0,16.368311634477394,63.456375334400995,NO,2022-12-31,"{""geodesic"":false,""crs"":{""type"":""name"",""properties"":{""name"":""EPSG:32651""}},""type"":""Polygon"",""coordinates"":[[[237010.71545000002,2502770.8484500004],[237807.31055,2502770.8484500004],[237807.31055,2503567.44355],[237010.71545000002,2503567.44355],[237010.71545000002,2502770.8484500004]]]}"
225,0.661757917574787,159.27589390378702,0.19721397664968215,0.05622153247721031,0.17863414233640332,0.651789033714701,0.5255966817959319,0.6483387809591961,13.944273002369977,31.496625093386893,28.500922282911272,16.373257935804137,0.25836181740387054,64.57958028529494,0.042960650908176384,0.07646271053619669,0.053281058707698226,0.10661587680371531,0.13999394467875337,0.10357047679103559,3.8565158848513157,C226,22.8132142924683,120.41256805775731,234409.013,2525169.146,11000,0,11000,0,16.505917497259176,63.456375334400995,NO,2022-12-31,"{""geodesic"":false,""crs"":{""type"":""name"",""properties"":{""name"":""EPSG:32651""}},""type"":""Polygon"",""coordinates"":[[[234010.71545000002,2524770.8484500004],[234807.31055,2524770.8484500004],[234807.31055,2525567.44355],[234010.71545000002,2525567.44355],[234010.71545000002,2524770.8484500004]]]}"
275,0.6611992952955231,18.550202778651474,0.19583224894461307,0.14716621573164732,0.21197155411561336,0.6140451818629561,0.568182923584674,0.6328022909420091,2.767268690591307,27.621284991908002,31.887448733738015,20.857576654532306,0.2589204396831344,76.14611083984062,0.04434237861324547,0.01448197271824031,0.019943646928488185,0.1443597286554602,0.09740770289001122,0.11910696680822253,7.320488426927355,C276,22.660265940449865,120.44462663191595,237409.013,2508169.146,6708.203932499369,3000,-6000,0,18.441651643061384,63.456375334400995,NO,2022-12-31,"{""geodesic"":false,""crs"":{""type"":""name"",""properties"":{""name"":""EPSG:32651""}},""type"":""Polygon"",""coordinates"":[[[237010.71545000002,2507770.8484500004],[237807.31055,2507770.8484500004],[237807.31055,2508567.44355],[237010.71545000002,2508567.44355],[237010.71545000002,2507770.8484500004]]]}"
329,0.7129092965723676,27.2788995882632,0.2595611097878113,0.2277462474905401,0.2877067936300006,0.601081015095008,0.562401742339304,0.6104123910628937,2.9444962735635762,22.82997923086856,24.421906891755174,16.27641956594443,0.20721043840628994,67.41741403022888,0.019386482229952734,0.09506200447713309,0.05579159258589908,0.1573238954234083,0.1031888841353813,0.14149686668733796,7.143260843955085,C330,22.741799129130904,120.46257791929081,239409.013,2517169.146,5830.951894845301,5000,3000,0,18.907246594620243,63.456375334400995,NO,2022-12-31,"{""geodesic"":false,""crs"":{""type"":""name"",""properties"":{""name"":""EPSG:32651""}},""type"":""Polygon"",""coordinates"":[[[239010.71545000002,2516770.8484500004],[239807.31055,2516770.8484500004],[239807.31055,2517567.44355],[239010.71545000002,2517567.44355],[239010.71545000002,2516770.8484500004]]]}"
324,0.7734181071479548,21.150093896742604,0.18286586748550973,0.13141164899603033,0.2332118420507299,0.5533476380337456,0.516196018585126,0.6381959840467039,2.8127802058758564,21.39476489355587,27.562040751000918,17.83950608892104,0.14670162783070273,73.54621972174948,0.05730876007234881,0.0012725940173766714,0.0012966410066283518,0.20505727248467065,0.14939460788955927,0.1137132737035278,7.2749769116428045,C325,22.696674788988904,120.46341029874462,239409.013,2512169.146,5385.164807134504,5000,-2000,0,19.01306577570204,63.456375334400995,NO,2022-12-31,"{""geodesic"":false,""crs"":{""type"":""name"",""properties"":{""name"":""EPSG:32651""}},""type"":""Polygon"",""coordinates"":[[[239010.71545000002,2511770.8484500004],[239807.31055,2511770.8484500004],[239807.31055,2512567.44355],[239010.71545000002,2512567.44355],[239010.71545000002,2511770.8484500004]]]}"
135,0.6286280323333547,88.14449284327002,0.14982757534230978,0.07100770521044734,0.13556886092249126,0.6244873068900851,0.5512880772350598,0.630226845761174,10.894191464000349,29.030862027094408,31.33985491887306,19.62664813655593,0.2914917026453028,6.551820775222069,0.09034705221554876,0.06167653780295966,0.09634634012161028,0.13391760362833116,0.11430254923962546,0.1216824119890576,0.8064343464816872,C136,22.78550463117464,120.37414966068195,230409.013,2522169.146,8944.27190999916,-4000,8000,0,19.02233257131579,63.456375334400995,NO,2022-12-31,"{""geodesic"":false,""crs"":{""type"":""name"",""properties"":{""name"":""EPSG:32651""}},""type"":""Polygon"",""coordinates"":[[[230010.71545000002,2521770.8484500004],[230807.31055,2521770.8484500004],[230807.31055,2522567.44355],[230010.71545000002,2522567.44355],[230010.71545000002,2521770.8484500004]]]}"
416,0.6827723731621527,34.31901163405047,0.1958752030348085,0.16114628296685093,0.2108406488349993,0.6010268900203407,0.5624534567348031,0.6068216550746142,2.6297765224430742,29.07468792232675,29.688647176269402,17.34094003029164,0.23734736181650484,60.377301984441615,0.04429942452305005,0.02846203995344393,0.021074552209102232,0.1573780204980756,0.10313716973988218,0.1450876026756175,7.457980595075587,C417,22.724514406215775,120.51155497411507,244409.013,2515169.146,10049.875621120891,10000,1000,0,19.081573756877177,63.456375334400995,NO,2022-12-31,"{""geodesic"":false,""crs"":{""type"":""name"",""properties"":{""name"":""EPSG:32651""}},""type"":""Polygon"",""coordinates"":[[[244010.71545000002,2514770.8484500004],[244807.31055,2514770.8484500004],[244807.31055,2515567.44355],[244010.71545000002,2515567.44355],[244010.71545000002,2514770.8484500004]]]}"
326,0.694115371567237,24.49216909199778,0.20600622416674666,0.07251705339244775,0.20675777365337591,0.6161248730878237,0.5238133558161118,0.6226469374296388,2.5724538932139582,25.092728826578057,30.172004990523778,17.84633747088701,0.2260043634114205,70.2041445264943,0.03416840339111188,0.06016718962095925,0.02515742739072563,0.1422800374305926,0.14177727065857348,0.12926232032059282,7.515303224304703,C327,22.71472455905429,120.46307760033271,239409.013,2514169.146,5000,5000,0,0,19.27548584302085,63.456375334400995,NO,2022-12-31,"{""geodesic"":false,""crs"":{""type"":""name"",""properties"":{""name"":""EPSG:32651""}},""type"":""Polygon"",""coordinates"":[[[239010.71545000002,2513770.8484500004],[239807.31055,2513770.8484500004],[239807.31055,2514567.44355],[239010.71545000002,2514567.44355],[239010.71545000002,2513770.8484500004]]]}"
272,0.693483831778069,14.393951677936942,0.248889722142174,0.21368501897770598,0.25163172194745126,0.6057089675821251,0.5772030715822185,0.6061898281612741,2.363135562171049,25.737744142344845,29.813257021245526,23.382889226561492,0.22663590320058846,80.30236194055514,0.008715094584315464,0.08100077596429897,0.019716520903349716,0.15269594293629118,0.08838755489246675,0.14571942958895756,7.724621555347612,C273,22.63319147409787,120.4451278393629,237409.013,2505169.146,9486.832980505138,3000,-9000,0,19.291573756194737,63.456375334400995,NO,2022-12-31,"{""geodesic"":false,""crs"":{""type"":""name"",""properties"":{""name"":""EPSG:32651""}},""type"":""Polygon"",""coordinates"":[[[237010.71545000002,2504770.8484500004],[237807.31055,2504770.8484500004],[237807.31055,2505567.44355],[237010.71545000002,2505567.44355],[237010.71545000002,2504770.8484500004]]]}"
130,0.6740228899186606,46.63200571969887,0.13275254402715705,0.08346208950530343,0.17841448621729847,0.5822568990271055,0.5267438495868647,0.6345248757604781,6.852323960867902,23.04789382716201,29.16072564045364,16.61195031475027,0.24609684505999696,48.06430789879322,0.10742208353070148,0.04922215350810358,0.053500714826803075,0.17614801149131076,0.13884677688782054,0.11738438198975354,3.2354331566507595,C131,22.740383691708573,120.37501287175263,230409.013,2517169.146,5000,-4000,3000,0,19.763549055442315,63.456375334400995,NO,2022-12-31,"{""geodesic"":false,""crs"":{""type"":""name"",""properties"":{""name"":""EPSG:32651""}},""type"":""Polygon"",""coordinates"":[[[230010.71545000002,2516770.8484500004],[230807.31055,2516770.8484500004],[230807.31055,2517567.44355],[230010.71545000002,2517567.44355],[230010.71545000002,2516770.8484500004]]]}"
430,0.6613179407353661,37.52158821751914,0.18583118527425668,0.1681779573074638,0.20097677233473038,0.5929791571824266,0.5708647039310195,0.6077758709710501,2.5049042982837793,26.880710043521855,28.042766737503726,19.50839570973145,0.2588017942432914,57.174725400972946,0.054343442283601856,0.03549371429405679,0.030938428709371163,0.16542575333598974,0.09472592254366574,0.14413338677918153,7.582852819234882,C431,22.751741376178,120.52079553271398,245409.013,2518169.146,11704.699910719624,11000,4000,0,20.60447965682062,63.456375334400995,NO,2022-12-31,"{""geodesic"":false,""crs"":{""type"":""name"",""properties"":{""name"":""EPSG:32651""}},""type"":""Polygon"",""coordinates"":[[[245010.71545000002,2517770.8484500004],[245807.31055,2517770.8484500004],[245807.31055,2518567.44355],[245010.71545000002,2518567.44355],[245010.71545000002,2517770.8484500004]]]}"
243,0.6063338126526716,96.82497078665011,0.15249402012625465,0.08138587115611236,0.14275222793954548,0.6176465953936037,0.5548221978199456,0.6214405003058503,7.03730434618816,27.64038443594286,29.15491510362628,16.82985625981372,0.3137859223259859,2.1286571681580284,0.08768060743160389,0.05129837185729465,0.08916297310455606,0.14075831512481263,0.11076842865473968,0.13046875744438136,3.0504527713305016,C244,22.786298643885143,120.42281200358855,235409.013,2522169.146,8062.25774829855,1000,8000,0,20.95574686462314,63.456375334400995,NO,2022-12-31,"{""geodesic"":false,""crs"":{""type"":""name"",""properties"":{""name"":""EPSG:32651""}},""type"":""Polygon"",""coordinates"":[[[235010.71545000002,2521770.8484500004],[235807.31055,2521770.8484500004],[235807.31055,2522567.44355],[235010.71545000002,2522567.44355],[235010.71545000002,2521770.8484500004]]]}"
202,0.5691020085066307,150.0570931743648,0.24260921445622002,0.007118308068906498,0.12732012274889018,0.7361686001888103,0.5370005529525067,0.6607097808717648,11.961588817778276,29.392021217759424,33.54807951963423,19.93962615563437,0.3510177264720268,55.360779555872725,0.002434586898361485,0.1255659349445005,0.10459507829521136,0.022236310329606046,0.12859007352217855,0.09119947687846686,1.8738317002596148,C203,22.795007180544236,120.40317581881297,233409.013,2523169.146,9055.385138137417,-1000,9000,0,21.220038845234424,63.456375334400995,NO,2022-12-31,"{""geodesic"":false,""crs"":{""type"":""name"",""properties"":{""name"":""EPSG:32651""}},""type"":""Polygon"",""coordinates"":[[[233010.71545000002,2522770.8484500004],[233807.31055,2522770.8484500004],[233807.31055,2523567.44355],[233010.71545000002,2523567.44355],[233010.71545000002,2522770.8484500004]]]}"
122,0.6334121625170619,42.85507953879055,0.15718577840896023,0.09717636500923796,0.16537393684239143,0.5936542208691745,0.5172307961679136,0.6118176237007732,7.552555072662405,26.06533099914911,28.20965267165428,17.79054630663541,0.2867075724615956,51.841234079701536,0.08298884914889831,0.03550787800416905,0.06654126420171011,0.16475068964924178,0.1483598303067717,0.14009163404945846,2.5352020448562564,C123,22.668189594633095,120.37638946452819,230409.013,2509169.146,6403.1242374328485,-4000,-5000,0,21.8112929299285,63.456375334400995,NO,2022-12-31,"{""geodesic"":false,""crs"":{""type"":""name"",""properties"":{""name"":""EPSG:32651""}},""type"":""Polygon"",""coordinates"":[[[230010.71545000002,2508770.8484500004],[230807.31055,2508770.8484500004],[230807.31055,2509567.44355],[230010.71545000002,2509567.44355],[230010.71545000002,2508770.8484500004]]]}"
137,0.6309150467753454,54.81932091552248,0.12352086961736643,0.08744918489143744,0.14159785876730865,0.5930197879983148,0.5725346903795255,0.632283518303749,5.007925745799651,31.673127487614806,33.444835123004985,20.12351299260258,0.28920468820331213,39.8769927029696,0.11665375794049211,0.04523505812196957,0.09031734227679289,0.1653851225201015,0.09305593609515972,0.11962573944648269,5.079831371719011,C138,22.80355292687436,120.37380376353815,230409.013,2524169.146,10770.329614269009,-4000,10000,0,21.8427844711549,63.456375334400995,NO,2022-12-31,"{""geodesic"":false,""crs"":{""type"":""name"",""properties"":{""name"":""EPSG:32651""}},""type"":""Polygon"",""coordinates"":[[[230010.71545000002,2523770.8484500004],[230807.31055,2523770.8484500004],[230807.31055,2524567.44355],[230010.71545000002,2524567.44355],[230010.71545000002,2523770.8484500004]]]}"
215,0.6002186289407128,57.89526635592267,0.18364425030216242,0.133318574837951,0.16701205925634563,0.607395821113093,0.5387276524023512,0.5950773246973583,7.459277696615091,25.974817505393094,25.43674004351566,17.959561061308175,0.31990110603794475,36.80104726256941,0.056530377255696124,6.343318245440044E-4,0.06490314178775591,0.15100908940532332,0.12686297407233404,0.15683193305287335,2.6284794209035702,C216,22.69589606625805,120.41477810547264,234409.013,2512169.146,2000,0,-2000,0,21.984795474705688,63.456375334400995,NO,2022-12-31,"{""geodesic"":false,""crs"":{""type"":""name"",""properties"":{""name"":""EPSG:32651""}},""type"":""Polygon"",""coordinates"":[[[234010.71545000002,2511770.8484500004],[234807.31055,2511770.8484500004],[234807.31055,2512567.44355],[234010.71545000002,2512567.44355],[234010.71545000002,2511770.8484500004]]]}"
385,0.6271317863010416,27.968648560466185,0.21345891126865246,0.19292473075860267,0.18922333613438208,0.6238100664744729,0.5904526163134914,0.5848121569535772,2.335319289603535,22.758830897497113,27.325750324266597,14.55378244634245,0.2929879486776159,66.7276650580259,0.026715716289206076,0.060240487745195664,0.04269186490971946,0.1345948440439434,0.07513801016119381,0.1670971007966544,7.752437827915126,C386,22.715185116594192,120.49226174910928,242409.013,2514169.146,8000,8000,0,0,22.17080940828299,63.456375334400995,NO,2022-12-31,"{""geodesic"":false,""crs"":{""type"":""name"",""properties"":{""name"":""EPSG:32651""}},""type"":""Polygon"",""coordinates"":[[[242010.71545000002,2513770.8484500004],[242807.31055,2513770.8484500004],[242807.31055,2514567.44355],[242010.71545000002,2514567.44355],[242010.71545000002,2513770.8484500004]]]}"
59,0.6852731965738655,28.28961290071416,0.1967829634716483,0.1587270365120347,0.23097647695974202,0.5562750744445265,0.5081166753728567,0.5808468801077183,6.837183111048618,25.845701605482887,26.994668988491984,19.35104899253335,0.23484653840479197,66.40670071777792,0.04339166408621023,0.026042793498627703,9.387240843595213E-4,0.2021298360738898,0.1574739511018286,0.1710623776425133,3.2505740064700435,C060,22.66770883666364,120.34721793999442,227409.013,2509169.146,8602.325267042626,-7000,-5000,0,22.190714586368166,63.456375334400995,NO,2022-12-31,"{""geodesic"":false,""crs"":{""type"":""name"",""properties"":{""name"":""EPSG:32651""}},""type"":""Polygon"",""coordinates"":[[[227010.71545000002,2508770.8484500004],[227807.31055,2508770.8484500004],[227807.31055,2509567.44355],[227010.71545000002,2509567.44355],[227010.71545000002,2508770.8484500004]]]}"
328,0.6899397556464769,23.90216571183861,0.17446179992871208,0.1298409251661074,0.23140090220083406,0.5659509131102319,0.5264986889507413,0.6056452429588797,2.508107629895492,23.283320984732434,27.613979028182598,15.944702942716816,0.2301799793321806,70.79414790665348,0.06571282762914646,0.0028433178472996035,5.1429884326748E-4,0.19245399740818436,0.139091937523944,0.14626401479135198,7.579649487623169,C329,22.732774283779964,120.4627445641276,239409.013,2516169.146,5385.164807134504,5000,2000,0,22.60883807827633,63.456375334400995,NO,2022-12-31,"{""geodesic"":false,""crs"":{""type"":""name"",""properties"":{""name"":""EPSG:32651""}},""type"":""Polygon"",""coordinates"":[[[239010.71545000002,2515770.8484500004],[239807.31055,2515770.8484500004],[239807.31055,2516567.44355],[239010.71545000002,2516567.44355],[239010.71545000002,2515770.8484500004]]]}"
412,0.6390385517346627,29.811130672503324,0.18976728297336065,0.17639252618479329,0.20236291706508214,0.593106566895303,0.558136099969059,0.5897803146133648,2.5959813150877626,29.36256934115319,31.32276750375551,22.82436890822093,0.2810811832439948,64.88518294598876,0.05040734458449789,0.04370828317138628,0.029552283979019406,0.16529834362311335,0.10745452650562626,0.16212894313686688,7.491775802430899,C413,22.688413518313915,120.51220764567381,244409.013,2511169.146,10440.30650891055,10000,-3000,0,23.169614568307125,63.456375334400995,NO,2022-12-31,"{""geodesic"":false,""crs"":{""type"":""name"",""properties"":{""name"":""EPSG:32651""}},""type"":""Polygon"",""coordinates"":[[[244010.71545000002,2510770.8484500004],[244807.31055,2510770.8484500004],[244807.31055,2511567.44355],[244010.71545000002,2511567.44355],[244010.71545000002,2510770.8484500004]]]}"
148,0.6124430306900227,53.06391034359593,0.17331598456160344,0.059818838749337626,0.14509080769925314,0.6022419593684778,0.4931340872717115,0.6054187357642725,6.745832877332493,26.01642065246339,30.528431958385077,17.78849542916518,0.3076767042886348,41.632403274896156,0.0668586429962551,0.07286540426406937,0.0868243933448484,0.1561629511499385,0.17245653920297377,0.14649052198595913,3.3419242401861684,C149,22.695421751554083,120.38559981906178,231409.013,2512169.146,3605.5512754639894,-3000,-2000,0,24.989145931570846,63.456375334400995,NO,2022-12-31,"{""geodesic"":false,""crs"":{""type"":""name"",""properties"":{""name"":""EPSG:32651""}},""type"":""Polygon"",""coordinates"":[[[231010.71545000002,2511770.8484500004],[231807.31055,2511770.8484500004],[231807.31055,2512567.44355],[231010.71545000002,2512567.44355],[231010.71545000002,2511770.8484500004]]]}"
101,0.6631618886129417,27.867919199983643,0.14556084467147234,0.05443262225555933,0.17600255655114505,0.5721485958801158,0.4885374357367598,0.6026090170380488,5.33045464549577,25.224191681595148,28.37690566513434,20.173002353752448,0.25695784636571584,66.82839441850844,0.0946137828863862,0.07825162075784767,0.05591264449295649,0.1862563146383005,0.17705319073792547,0.14930024071218284,4.757302472022891,C102,22.67705416273448,120.36649313198046,229409.013,2510169.146,6403.1242374328485,-5000,-4000,0,25.456677567363688,63.456375334400995,NO,2022-12-31,"{""geodesic"":false,""crs"":{""type"":""name"",""properties"":{""name"":""EPSG:32651""}},""type"":""Polygon"",""coordinates"":[[[229010.71545000002,2509770.8484500004],[229807.31055,2509770.8484500004],[229807.31055,2510567.44355],[229010.71545000002,2510567.44355],[229010.71545000002,2509770.8484500004]]]}"
293,0.6340956096861635,12.669576157704523,0.21138226100197324,0.23020489925474377,0.22349531190446556,0.5659548135002995,0.567511133557424,0.5938204692961406,2.562950503319602,27.389459217792812,27.07776281664272,23.638295163900615,0.286024125292494,82.02673746078756,0.028792366555885296,0.09752065624133677,0.008419889139635983,0.19245009701811677,0.09807949291726126,0.15808878845409102,7.5248066141990595,C294,22.61529631225946,120.45518236773489,238409.013,2503169.146,11704.699910719624,4000,-11000,0,25.7377548095865,63.456375334400995,NO,2022-12-31,"{""geodesic"":false,""crs"":{""type"":""name"",""properties"":{""name"":""EPSG:32651""}},""type"":""Polygon"",""coordinates"":[[[238010.71545000002,2502770.8484500004],[238807.31055,2502770.8484500004],[238807.31055,2503567.44355],[238010.71545000002,2503567.44355],[238010.71545000002,2502770.8484500004]]]}"
173,0.6357560278989794,76.53479802776674,0.12664952200177715,0.052700195401456554,0.1451603152325528,0.5735714210936257,0.4907188152933581,0.6059019679507093,7.733088642824909,27.561090969537165,26.79262754539267,16.637448579251732,0.28436370707967806,18.161515590725344,0.11352510555608139,0.07998404761195045,0.08675488581154875,0.1848334894247906,0.17487181118132716,0.14600728979952238,2.354668474693752,C174,22.713629251263253,120.39498422393245,232409.013,2514169.146,2000,-2000,0,0,26.12792434039185,63.456375334400995,NO,2022-12-31,"{""geodesic"":false,""crs"":{""type"":""name"",""properties"":{""name"":""EPSG:32651""}},""type"":""Polygon"",""coordinates"":[[[232010.71545000002,2513770.8484500004],[232807.31055,2513770.8484500004],[232807.31055,2514567.44355],[232010.71545000002,2514567.44355],[232010.71545000002,2513770.8484500004]]]}"
213,0.6020242642283367,55.21337764410939,0.23690390363383426,0.16017611733063294,0.2269653162845232,0.5907634418295619,0.4934156552838598,0.5790796413378058,3.293466768905126,30.58683023258826,28.098404651395587,19.584405416411457,0.31809547075032085,39.48293597438269,0.003270723924024277,0.02749187431722594,0.004949884759578332,0.16764146868885443,0.17217497119082548,0.1728296164124259,6.7942903486135355,C214,22.677846937605715,120.41511682126247,234409.013,2510169.146,4000,0,-4000,0,27.094660045045895,63.456375334400995,NO,2022-12-31,"{""geodesic"":false,""crs"":{""type"":""name"",""properties"":{""name"":""EPSG:32651""}},""type"":""Polygon"",""coordinates"":[[[234010.71545000002,2509770.8484500004],[234807.31055,2509770.8484500004],[234807.31055,2510567.44355],[234010.71545000002,2510567.44355],[234010.71545000002,2509770.8484500004]]]}"
21,0.6197734984399973,12.423986894622434,0.16419855128218439,0.10296844596054608,0.1652356391212181,0.5841436480628591,0.5067310304364616,0.5914143866166675,3.192159754928571,28.983532383716607,26.748956136410058,25.75175419136641,0.3003462365386602,82.27232672386965,0.07597607627567415,0.029715797052860926,0.06667956192288343,0.17426126245555718,0.15885959603822364,0.1604948711335642,6.89559736259009,C022,22.757461013404743,120.31628742100155,224409.013,2519169.146,11180.339887498949,-10000,5000,0,27.643370798069675,63.456375334400995,NO,2022-12-31,"{""geodesic"":false,""crs"":{""type"":""name"",""properties"":{""name"":""EPSG:32651""}},""type"":""Polygon"",""coordinates"":[[[224010.71545000002,2518770.8484500004],[224807.31055,2518770.8484500004],[224807.31055,2519567.44355],[224010.71545000002,2519567.44355],[224010.71545000002,2518770.8484500004]]]}"
235,0.5717981025380853,38.13712755682461,0.18328048815492787,0.10753747080961767,0.17820618789076578,0.5880702826997439,0.504266074164588,0.5838822247232148,6.237078792982404,28.63841319139548,27.155298847470792,17.799800650943254,0.34832163244057224,56.559186061667475,0.05689413940293067,0.02514677220378933,0.05370901315333576,0.17033462781867237,0.16132455231009724,0.16802703302701683,3.8506783245362577,C236,22.687028363199044,120.42467313867391,235409.013,2511169.146,3162.2776601683795,1000,-3000,0,27.69487655497503,63.456375334400995,NO,2022-12-31,"{""geodesic"":false,""crs"":{""type"":""name"",""properties"":{""name"":""EPSG:32651""}},""type"":""Polygon"",""coordinates"":[[[235010.71545000002,2510770.8484500004],[235807.31055,2510770.8484500004],[235807.31055,2511567.44355],[235010.71545000002,2511567.44355],[235010.71545000002,2510770.8484500004]]]}"
356,0.6347438339903112,36.274167365459405,0.14720745860157117,0.0967850888826358,0.16986532750046093,0.5780285729662924,0.5189391228775652,0.5774258162311484,2.318615260779463,23.852015149539593,31.527358587921487,18.714965453784778,0.2853759009883463,58.42214625303268,0.09296716895628737,0.0358991541307712,0.06204987354364061,0.1803763375521239,0.1466515035971201,0.17448344151908324,7.769141856739198,C357,22.796102684349652,120.4713099819357,240409.013,2523169.146,10816.653826391968,6000,9000,0,27.877661998952707,63.456375334400995,NO,2022-12-31,"{""geodesic"":false,""crs"":{""type"":""name"",""properties"":{""name"":""EPSG:32651""}},""type"":""Polygon"",""coordinates"":[[[240010.71545000002,2522770.8484500004],[240807.31055,2522770.8484500004],[240807.31055,2523567.44355],[240010.71545000002,2523567.44355],[240010.71545000002,2522770.8484500004]]]}"
377,0.6035233987963671,21.423469674658108,0.1946984147554151,0.19476762640684514,0.21021067657706163,0.5604565331057265,0.5523400869636136,0.5792392664112576,2.904671545865566,25.438239178083677,28.366877653687524,21.868417263653004,0.31659633618229044,73.27284394383398,0.04547621280244343,0.062083383393438135,0.02170452446703991,0.19794837741268978,0.11325053951107167,0.1726699913389741,7.183085571653095,C378,22.642984141637687,120.49357527139269,242409.013,2506169.146,11313.70849898476,8000,-8000,0,27.986605722330374,63.456375334400995,NO,2022-12-31,"{""geodesic"":false,""crs"":{""type"":""name"",""properties"":{""name"":""EPSG:32651""}},""type"":""Polygon"",""coordinates"":[[[242010.71545000002,2505770.8484500004],[242807.31055,2505770.8484500004],[242807.31055,2506567.44355],[242010.71545000002,2506567.44355],[242010.71545000002,2505770.8484500004]]]}"
276,0.596052443756191,17.735855702427347,0.1897231778936422,0.1134374284880973,0.17139429100205433,0.5878738143997744,0.5131134101723008,0.5855267136588083,3.25476793955387,25.158114822832076,28.172021675038796,18.574924286288983,0.32406729122246647,76.96045791606474,0.05045144966421633,0.0192468145253097,0.06052091004204721,0.17053109611864192,0.15247721630238442,0.1663825440914234,6.832989177964791,C277,22.66929073991352,120.44445939291116,237409.013,2509169.146,5830.951894845301,3000,-5000,0,28.003012579939018,63.456375334400995,NO,2022-12-31,"{""geodesic"":false,""crs"":{""type"":""name"",""properties"":{""name"":""EPSG:32651""}},""type"":""Polygon"",""coordinates"":[[[237010.71545000002,2508770.8484500004],[237807.31055,2508770.8484500004],[237807.31055,2509567.44355],[237010.71545000002,2509567.44355],[237010.71545000002,2508770.8484500004]]]}"
208,0.594429720188324,14.036799860591596,0.23039988696667493,0.22673301671218374,0.21444994227646055,0.5579233825752193,0.5686052514470273,0.5708016205851103,2.7744157774799305,21.703093494460425,27.56817879867784,19.3798823061954,0.32569001479033355,80.65951375790048,0.009774740591183606,0.09404877369877673,0.01746525876764099,0.20048152794319696,0.09698537502765792,0.18110763716512135,7.313341340038731,C209,22.632723917185515,120.41596210686387,234409.013,2505169.146,9000,0,-9000,0,29.42631310602544,63.456375334400995,NO,2022-12-31,"{""geodesic"":false,""crs"":{""type"":""name"",""properties"":{""name"":""EPSG:32651""}},""type"":""Polygon"",""coordinates"":[[[234010.71545000002,2504770.8484500004],[234807.31055,2504770.8484500004],[234807.31055,2505567.44355],[234010.71545000002,2505567.44355],[234010.71545000002,2504770.8484500004]]]}"
105,0.57320887097123,40.40727457211942,0.16273518837190043,0.10780116634952439,0.15479458468462978,0.5692294520583755,0.5041700314326912,0.5757310102236365,6.9122060547182285,23.997392272103408,27.888954665701,19.41414364873035,0.34691086400742754,54.289039046372665,0.07743943918595811,0.02488307666388262,0.07712061635947176,0.1891754584600408,0.16142059504199402,0.17617824752659517,3.175551062800433,C106,22.713150974930915,120.365802642477,229409.013,2514169.146,5000,-5000,0,0,29.66493088088779,63.456375334400995,NO,2022-12-31,"{""geodesic"":false,""crs"":{""type"":""name"",""properties"":{""name"":""EPSG:32651""}},""type"":""Polygon"",""coordinates"":[[[229010.71545000002,2513770.8484500004],[229807.31055,2513770.8484500004],[229807.31055,2514567.44355],[229010.71545000002,2514567.44355],[229010.71545000002,2513770.8484500004]]]}"
15,0.5874117188325532,59.822694895218035,0.16341737327162723,0.08222675552685237,0.13684932484400572,0.5780792877492001,0.5117178845142695,0.5745126199006453,15.839065164389948,29.707044634785223,31.249643600221678,24.28680186891283,0.33270801614610435,34.87361872327405,0.07675725428623131,0.05045748748655464,0.09506587620009582,0.18032562276921615,0.15387274196041578,0.17739663784958637,5.751308046871287,C016,22.70331820880457,120.31734436523111,224409.013,2513169.146,10049.875621120891,-10000,-1000,0,29.780965697134665,63.456375334400995,NO,2022-12-31,"{""geodesic"":false,""crs"":{""type"":""name"",""properties"":{""name"":""EPSG:32651""}},""type"":""Polygon"",""coordinates"":[[[224010.71545000002,2512770.8484500004],[224807.31055,2512770.8484500004],[224807.31055,2513567.44355],[224010.71545000002,2513567.44355],[224010.71545000002,2512770.8484500004]]]}"
90,0.5903271833387196,24.993971946532906,0.12596045861229224,0.09364177077517645,0.14823057946768756,0.5641072081640134,0.5432276803191046,0.607877844681283,2.5683636259140745,28.416747051011917,29.549655279382158,19.597773420578868,0.3297925516399379,69.70234167195918,0.1142141689455663,0.039042472238230555,0.08368462157641399,0.1942977023544029,0.12236294615558063,0.14403141306894862,7.519393491604587,C091,22.767134819173865,120.35503343520833,228409.013,2520169.146,8485.28137423857,-6000,6000,0,30.12411774993052,63.456375334400995,NO,2022-12-31,"{""geodesic"":false,""crs"":{""type"":""name"",""properties"":{""name"":""EPSG:32651""}},""type"":""Polygon"",""coordinates"":[[[228010.71545000002,2519770.8484500004],[228807.31055,2519770.8484500004],[228807.31055,2520567.44355],[228010.71545000002,2520567.44355],[228010.71545000002,2519770.8484500004]]]}"
285,0.5765025178168999,73.99852496528698,0.12991428158541005,0.11975289636910565,0.15588942883946347,0.541814783773139,0.5143555783715492,0.5751043194033817,8.430794932977692,18.897019465885407,22.030164367190316,20.64819031717263,0.34361721716175764,20.69778865320511,0.11026034597244849,0.012931346644301359,0.07602577220463808,0.21659012674527733,0.15123504810313604,0.17680493834684996,1.6569621845409692,C286,22.75051342463462,120.4429504152697,237409.013,2518169.146,5000,3000,4000,0,30.671876439267972,63.456375334400995,NO,2022-12-31,"{""geodesic"":false,""crs"":{""type"":""name"",""properties"":{""name"":""EPSG:32651""}},""type"":""Polygon"",""coordinates"":[[[237010.71545000002,2517770.8484500004],[237807.31055,2517770.8484500004],[237807.31055,2518567.44355],[237010.71545000002,2518567.44355],[237010.71545000002,2517770.8484500004]]]}"
201,0.512039113446669,112.11696092177608,0.15552287335882112,0.015966559666219227,0.10478981953165759,0.6463572336191741,0.5219614486568429,0.6178876856692954,11.987305525460819,33.09284376434792,33.00421438489443,18.18134522918653,0.40808062153198854,17.420647303284,0.08465175419903742,0.11671768334718778,0.12712538151244396,0.11204767689924222,0.14362917781784235,0.13402157208093624,1.8995484079421576,C202,22.785982816745847,120.40334680634274,233409.013,2522169.146,8062.25774829855,-1000,8000,0,30.69738708442617,63.456375334400995,NO,2022-12-31,"{""geodesic"":false,""crs"":{""type"":""name"",""properties"":{""name"":""EPSG:32651""}},""type"":""Polygon"",""coordinates"":[[[233010.71545000002,2521770.8484500004],[233807.31055,2521770.8484500004],[233807.31055,2522567.44355],[233010.71545000002,2522567.44355],[233010.71545000002,2521770.8484500004]]]}"
347,0.5712845902437601,23.014384523691128,0.20980903737220813,0.1588356595564359,0.19883084128553957,0.5813060723441856,0.5211968199101157,0.5660049349697724,2.3581978077403765,23.594927783857727,27.539118699201037,17.81950135546234,0.3488351447348974,71.68192909480095,0.03036559018565041,0.026151416543028883,0.03308435975856197,0.17709883817423067,0.14439380656456957,0.1859043227804592,7.729559309778285,C348,22.714878668962495,120.47280556590681,240409.013,2514169.146,6000,6000,0,0,30.796596573454888,63.456375334400995,NO,2022-12-31,"{""geodesic"":false,""crs"":{""type"":""name"",""properties"":{""name"":""EPSG:32651""}},""type"":""Polygon"",""coordinates"":[[[240010.71545000002,2513770.8484500004],[240807.31055,2513770.8484500004],[240807.31055,2514567.44355],[240010.71545000002,2514567.44355],[240010.71545000002,2513770.8484500004]]]}"
212,0.5592433139895949,40.99884506079647,0.24208906906594851,0.17784712017863655,0.22490971420331834,0.5777339338814264,0.5008367686531185,0.5711034020672744,3.467186591423613,28.12877541221572,30.650601538559425,19.587649009712184,0.3608764209890626,53.697468557695615,0.0019144415080899757,0.04516287716522954,0.007005486840783198,0.18067097663698994,0.1647538578215667,0.18080585568295726,6.620570526095048,C213,22.668822356232795,120.41528605020373,234409.013,2509169.146,5000,0,-5000,0,31.05169334594633,63.456375334400995,NO,2022-12-31,"{""geodesic"":false,""crs"":{""type"":""name"",""properties"":{""name"":""EPSG:32651""}},""type"":""Polygon"",""coordinates"":[[[234010.71545000002,2508770.8484500004],[234807.31055,2508770.8484500004],[234807.31055,2509567.44355],[234010.71545000002,2509567.44355],[234010.71545000002,2508770.8484500004]]]}"
282,0.5901967969438916,29.995264687471224,0.13780106198296674,0.11384881638424137,0.16061008626544446,0.5553265875050541,0.5301460237453539,0.5688499205475886,3.676994119332828,24.739015873153207,23.164422805383772,20.710811627500295,0.3299229380347659,64.70104893102086,0.1023735655748918,0.01883542662916564,0.07130511477865709,0.20307832301336215,0.13544460272933134,0.183059337202643,6.410762998185833,C283,22.72343929856473,120.44345417365903,237409.013,2515169.146,3162.2776601683795,3000,1000,0,31.231547901178764,63.456375334400995,NO,2022-12-31,"{""geodesic"":false,""crs"":{""type"":""name"",""properties"":{""name"":""EPSG:32651""}},""type"":""Polygon"",""coordinates"":[[[237010.71545000002,2514770.8484500004],[237807.31055,2514770.8484500004],[237807.31055,2515567.44355],[237010.71545000002,2515567.44355],[237010.71545000002,2514770.8484500004]]]}"
69,0.5561152764037086,19.931723257039767,0.13898862060299738,0.08790901606660534,0.15132350134478276,0.5765664583662558,0.5217157461649342,0.6065923240329312,3.5065097319775123,32.76135396692884,29.510350269763933,21.49274007317705,0.3640044585749489,74.76459036145232,0.10118600695486116,0.044775226946801666,0.08059169969931879,0.18183845215216055,0.14387488030975104,0.14531693371730048,6.581247385541149,C070,22.75794922045139,120.34547723737782,227409.013,2519169.146,8602.325267042626,-7000,5000,0,31.578936998253383,63.456375334400995,NO,2022-12-31,"{""geodesic"":false,""crs"":{""type"":""name"",""properties"":{""name"":""EPSG:32651""}},""type"":""Polygon"",""coordinates"":[[[227010.71545000002,2518770.8484500004],[227807.31055,2518770.8484500004],[227807.31055,2519567.44355],[227010.71545000002,2519567.44355],[227010.71545000002,2518770.8484500004]]]}"
133,0.6150048168812671,38.52842268921009,0.11302531505024781,0.057234762730040065,0.1248513747847017,0.5605751986313281,0.4998074392866577,0.595419362749159,3.7528176531801063,31.791124085209653,31.6231561293655,20.725749211965564,0.30511491809739044,56.167890929281995,0.12714931250761075,0.07544948028336694,0.10706382625939985,0.1978297118870882,0.16578318718802754,0.1564898950010727,6.3349394643385555,C134,22.76745628969571,120.37449520759989,230409.013,2520169.146,7211.102550927979,-4000,6000,0,31.821083645331477,63.456375334400995,NO,2022-12-31,"{""geodesic"":false,""crs"":{""type"":""name"",""properties"":{""name"":""EPSG:32651""}},""type"":""Polygon"",""coordinates"":[[[230010.71545000002,2519770.8484500004],[230807.31055,2519770.8484500004],[230807.31055,2520567.44355],[230010.71545000002,2520567.44355],[230010.71545000002,2519770.8484500004]]]}"
317,0.5801137883921492,13.684983998314266,0.1865997155313761,0.18255062527791965,0.19590472151361132,0.5455674863507657,0.5367426224091494,0.5712117620243934,2.4572690676871303,25.344831847896486,24.6043273452403,20.673369722054495,0.3400059465865083,81.01132962017782,0.05357491202648243,0.04986638226451265,0.03601047953049022,0.2128374241676506,0.12884800406553587,0.18069749572583826,7.630488049831531,C318,22.63350023714935,120.4645720859155,239409.013,2505169.146,10295.630140987001,5000,-9000,0,32.17972182883737,63.456375334400995,NO,2022-12-31,"{""geodesic"":false,""crs"":{""type"":""name"",""properties"":{""name"":""EPSG:32651""}},""type"":""Polygon"",""coordinates"":[[[239010.71545000002,2504770.8484500004],[239807.31055,2504770.8484500004],[239807.31055,2505567.44355],[239010.71545000002,2505567.44355],[239010.71545000002,2504770.8484500004]]]}"
34,0.6147940976365456,13.499843968887705,0.17665046658101669,0.13331926426818277,0.19729438684809347,0.534632456856152,0.47254663654774254,0.5593713322178238,3.220518575790529,30.24466543530824,28.283104086037646,24.9390557924002,0.30532563734211193,81.19646964960438,0.06352416097684185,6.350212547757694E-4,0.03462081419600807,0.22377245366226428,0.19304398992694272,0.1925379255324079,6.867238541728133,C035,22.748600496864032,120.32619301395799,225409.013,2518169.146,9848.857801796104,-9000,4000,0,33.69894825819147,63.456375334400995,NO,2022-12-31,"{""geodesic"":false,""crs"":{""type"":""name"",""properties"":{""name"":""EPSG:32651""}},""type"":""Polygon"",""coordinates"":[[[225010.71545000002,2517770.8484500004],[225807.31055,2517770.8484500004],[225807.31055,2518567.44355],[225010.71545000002,2518567.44355],[225010.71545000002,2517770.8484500004]]]}"
346,0.5229056762573785,23.69521778544584,0.23453984125764155,0.1502471697076732,0.18788328560192927,0.6160150828599428,0.5046595733455448,0.5580149761407076,2.4433223621222577,23.019873111173894,25.817218048690307,20.157736022547525,0.397214058721279,71.00109583304624,0.005634786300216993,0.017562926694266207,0.044031915442172276,0.14238982765847352,0.16093105312914047,0.19389428160952404,7.644434755396404,C347,22.70585372168179,120.47297132094664,240409.013,2513169.146,6082.76253029822,6000,-1000,0,33.771392099203126,63.456375334400995,NO,2022-12-31,"{""geodesic"":false,""crs"":{""type"":""name"",""properties"":{""name"":""EPSG:32651""}},""type"":""Polygon"",""coordinates"":[[[240010.71545000002,2512770.8484500004],[240807.31055,2512770.8484500004],[240807.31055,2513567.44355],[240010.71545000002,2513567.44355],[240010.71545000002,2512770.8484500004]]]}"
257,0.5535643994470618,36.71799770989584,0.13895550611430238,0.09459015353190853,0.13686206988808836,0.5670787456086378,0.5020904388386095,0.5528691549129079,5.4346861347481745,28.621982651812054,28.330958364719734,20.2152580507419,0.3665553355315957,57.978315908596244,0.10121912144355616,0.03809408948149848,0.09505313115601319,0.1913261649097785,0.16350018763607577,0.19904010283732376,4.653070982770487,C258,22.705234011145436,120.43406251199355,236409.013,2513169.146,2236.06797749979,2000,-1000,0,34.713092980127044,63.456375334400995,NO,2022-12-31,"{""geodesic"":false,""crs"":{""type"":""name"",""properties"":{""name"":""EPSG:32651""}},""type"":""Polygon"",""coordinates"":[[[236010.71545000002,2512770.8484500004],[236807.31055,2512770.8484500004],[236807.31055,2513567.44355],[236010.71545000002,2513567.44355],[236010.71545000002,2512770.8484500004]]]}"
22,0.6118403205404299,8.780378639618785,0.12191174956578196,0.06546150166190752,0.14333636614664086,0.5502498331262107,0.47921278312802873,0.5834222727048729,2.7946232977136587,27.754115359208296,30.429427282395253,25.788415632278166,0.3082794144382276,85.9159349788733,0.11826287799207658,0.06722274135149948,0.08857883489746068,0.20815507739220562,0.18637784334665652,0.16848698504535875,7.293133819805003,C023,22.76648477398732,120.31611095082341,224409.013,2520169.146,11661.903789690601,-10000,6000,0,34.89093186704386,63.456375334400995,NO,2022-12-31,"{""geodesic"":false,""crs"":{""type"":""name"",""properties"":{""name"":""EPSG:32651""}},""type"":""Polygon"",""coordinates"":[[[224010.71545000002,2519770.8484500004],[224807.31055,2519770.8484500004],[224807.31055,2520567.44355],[224010.71545000002,2520567.44355],[224010.71545000002,2519770.8484500004]]]}"
249,0.5545790651357281,5.6040103394557175,0.24780851293243172,0.19713904848155053,0.18118381073400788,0.5986138917965937,0.5402275826225671,0.5110181235563822,2.3382737552151434,25.678023465843346,25.964106046777125,18.21587167012612,0.36554066984292943,89.09230327903637,0.007633885374573185,0.06445480546814353,0.05073139031009366,0.15979101872182255,0.12536304385211816,0.24089113419384944,7.749483362303518,C250,22.633036210084093,120.43540584323081,236409.013,2505169.146,9219.544457292888,2000,-9000,0,35.09899987666374,63.456375334400995,NO,2022-12-31,"{""geodesic"":false,""crs"":{""type"":""name"",""properties"":{""name"":""EPSG:32651""}},""type"":""Polygon"",""coordinates"":[[[236010.71545000002,2504770.8484500004],[236807.31055,2504770.8484500004],[236807.31055,2505567.44355],[236010.71545000002,2505567.44355],[236010.71545000002,2504770.8484500004]]]}"
230,0.5690643138616797,16.985226170959425,0.19483077560736906,0.18025445239586163,0.19379262586599588,0.5405899758909928,0.5238678340368752,0.5406809682872366,2.4540579171001777,26.653002872826267,30.6827161401672,20.367616097961545,0.35105542111697785,77.71108744753266,0.04534385195048948,0.047570209382454626,0.03812257517810566,0.21781493462742352,0.14172279243781005,0.2112282894629951,7.633699200418484,C231,22.64190505370458,120.42551568061737,235409.013,2506169.146,8062.25774829855,1000,-8000,0,35.46442941534898,63.456375334400995,NO,2022-12-31,"{""geodesic"":false,""crs"":{""type"":""name"",""properties"":{""name"":""EPSG:32651""}},""type"":""Polygon"",""coordinates"":[[[235010.71545000002,2505770.8484500004],[235807.31055,2505770.8484500004],[235807.31055,2506567.44355],[235010.71545000002,2506567.44355],[235010.71545000002,2505770.8484500004]]]}"
87,0.5516333213246022,23.236551199523923,0.10837602566169457,0.08892123773141039,0.12962714190604932,0.5478997139788258,0.5402600530076138,0.5970344390271313,2.8444456346170606,26.394595576626102,31.993331755513772,20.723870041223122,0.3684864136540553,71.45976241896815,0.13179860189616396,0.043763005281996614,0.10228805913805222,0.21050519653959054,0.12533057346707144,0.15487481872310038,7.243311482901601,C088,22.7400626453245,120.35555492572408,228409.013,2517169.146,6708.203932499369,-6000,3000,0,35.53941168345906,63.456375334400995,NO,2022-12-31,"{""geodesic"":false,""crs"":{""type"":""name"",""properties"":{""name"":""EPSG:32651""}},""type"":""Polygon"",""coordinates"":[[[228010.71545000002,2516770.8484500004],[228807.31055,2516770.8484500004],[228807.31055,2517567.44355],[228010.71545000002,2517567.44355],[228010.71545000002,2516770.8484500004]]]}"
383,0.5470259234106606,28.362433393253376,0.1492643894778082,0.11356849157733372,0.1422908035865317,0.5599624206936684,0.5302964147404227,0.5529379806057212,3.074579791098071,27.50404846666215,29.626245236416477,19.618766866036317,0.3730938115679969,66.33388022523872,0.09091023808005033,0.01911575143607329,0.08962439745756984,0.19844248982474788,0.1352942117342626,0.19897127714451046,7.013177326420591,C384,22.69713494063416,120.4925906300738,242409.013,2512169.146,8246.211251235321,8000,-2000,0,35.57871551416975,63.456375334400995,NO,2022-12-31,"{""geodesic"":false,""crs"":{""type"":""name"",""properties"":{""name"":""EPSG:32651""}},""type"":""Polygon"",""coordinates"":[[[242010.71545000002,2511770.8484500004],[242807.31055,2511770.8484500004],[242807.31055,2512567.44355],[242010.71545000002,2512567.44355],[242010.71545000002,2511770.8484500004]]]}"
325,0.6893485438435059,22.807932807132588,0.14108187677914463,0.035409661321616936,0.22139032274971632,0.49410208394207533,0.4281514424846008,0.6098530008866078,2.3868974867691715,23.137897516293634,25.54517888580808,18.496437856052147,0.23077119113515165,71.8883808113595,0.0990927507787139,0.09727458169179007,0.010524878294385226,0.26430282657634097,0.23743918399008446,0.1420562568636239,7.700859630749489,C326,22.70569967968716,120.46324399175047,239409.013,2513169.146,5099.019513592785,5000,-1000,0,35.85789098705494,63.456375334400995,NO,2022-12-31,"{""geodesic"":false,""crs"":{""type"":""name"",""properties"":{""name"":""EPSG:32651""}},""type"":""Polygon"",""coordinates"":[[[239010.71545000002,2512770.8484500004],[239807.31055,2512770.8484500004],[239807.31055,2513567.44355],[239010.71545000002,2513567.44355],[239010.71545000002,2512770.8484500004]]]}"
429,0.5659980707757131,37.08277126086117,0.17536616046293466,0.1421354115999168,0.17958882528006026,0.5347813630025018,0.49333859692372983,0.5593560983535851,2.338045287471064,25.055260349497328,26.861585263742,19.725305527456214,0.35412166420294444,57.61354235763091,0.06480846709492388,0.009451168586509795,0.05232637576404128,0.2236235475159145,0.17225202955095542,0.19255315939664652,7.749711830047597,C430,22.74271613838953,120.52095843569035,245409.013,2517169.146,11401.75425099138,11000,3000,0,36.22495681971984,63.456375334400995,NO,2022-12-31,"{""geodesic"":false,""crs"":{""type"":""name"",""properties"":{""name"":""EPSG:32651""}},""type"":""Polygon"",""coordinates"":[[[245010.71545000002,2516770.8484500004],[245807.31055,2516770.8484500004],[245807.31055,2517567.44355],[245010.71545000002,2517567.44355],[245010.71545000002,2516770.8484500004]]]}"
115,0.5179732392738651,44.04299661304341,0.13331808248590146,0.10882155442679224,0.1328535347565684,0.5792927654539622,0.5446310469544474,0.5392970218335628,3.6600195544812464,25.913572976523664,27.992053227310457,20.042251989319393,0.40214649570479244,50.65331700544868,0.10685654507195708,0.023862688586614764,0.09906166628753316,0.17911214506445405,0.12095957952023784,0.2126122359166689,6.4277375630374145,C116,22.803392205273727,120.36407027794499,229409.013,2524169.146,11180.339887498949,-5000,10000,0,36.978882464954836,63.456375334400995,NO,2022-12-31,"{""geodesic"":false,""crs"":{""type"":""name"",""properties"":{""name"":""EPSG:32651""}},""type"":""Polygon"",""coordinates"":[[[229010.71545000002,2523770.8484500004],[229807.31055,2523770.8484500004],[229807.31055,2524567.44355],[229010.71545000002,2524567.44355],[229010.71545000002,2523770.8484500004]]]}"
91,0.5917910950417938,32.884214409612255,0.1255344955420267,0.04055372534424329,0.12627471468062273,0.544136224256369,0.4763439089380359,0.5739645441915386,3.403352158118271,29.45921593902612,30.185046101786668,23.048655753346083,0.3283286399368637,61.81209920887983,0.11464013201583184,0.09213051766916372,0.10564048636347881,0.21426868626204731,0.18924671753664934,0.177944713558693,6.684404959400391,C092,22.776158854218565,120.35485942876849,228409.013,2521169.146,9219.544457292888,-6000,7000,0,37.09241825884072,63.456375334400995,NO,2022-12-31,"{""geodesic"":false,""crs"":{""type"":""name"",""properties"":{""name"":""EPSG:32651""}},""type"":""Polygon"",""coordinates"":[[[228010.71545000002,2520770.8484500004],[228807.31055,2520770.8484500004],[228807.31055,2521567.44355],[228010.71545000002,2521567.44355],[228010.71545000002,2520770.8484500004]]]}"
335,0.5569921403575542,32.74868362266543,0.14314449652842456,0.09762453717470405,0.18188878363406066,0.5237224104267068,0.501508301039498,0.5554584697686485,3.409444935374691,25.50631014535915,30.156065099269714,19.054801216362907,0.36312759462110333,61.94762999582665,0.09703013102943397,0.03505970583870295,0.05002641741004088,0.23468250009170954,0.1640823254351873,0.1964507879815831,6.67831218214397,C336,22.795947962830517,120.46157627442952,239409.013,2523169.146,10295.630140987001,5000,9000,0,37.552515459133886,63.456375334400995,NO,2022-12-31,"{""geodesic"":false,""crs"":{""type"":""name"",""properties"":{""name"":""EPSG:32651""}},""type"":""Polygon"",""coordinates"":[[[239010.71545000002,2522770.8484500004],[239807.31055,2522770.8484500004],[239807.31055,2523567.44355],[239010.71545000002,2523567.44355],[239010.71545000002,2522770.8484500004]]]}"
163,0.5724370576672456,13.501319621545754,0.18143784539157273,0.2036353725257376,0.21196360280755278,0.48889971690240064,0.5248478835933021,0.5569776419458157,3.6216630988900236,24.70922289090734,28.545549652807573,21.175585363849102,0.3476826773114119,81.19499399694632,0.058736782166285806,0.0709511295123306,0.019951598236548768,0.26950519361601566,0.1407427428813831,0.19493161580441598,6.466094018628638,C164,22.623384772185226,120.39668877998615,232409.013,2504169.146,10198.03902718557,-2000,-10000,0,37.6425643834261,63.456375334400995,NO,2022-12-31,"{""geodesic"":false,""crs"":{""type"":""name"",""properties"":{""name"":""EPSG:32651""}},""type"":""Polygon"",""coordinates"":[[[232010.71545000002,2503770.8484500004],[232807.31055,2503770.8484500004],[232807.31055,2504567.44355],[232010.71545000002,2504567.44355],[232010.71545000002,2503770.8484500004]]]}"
50,0.5544709247608695,16.322916428500324,0.13544278259360198,0.09698025143564856,0.1421987187354248,0.5384533684532472,0.49416085062496656,0.5515287248705696,3.3006844240090123,30.34066133709696,27.76679126497664,24.35549078118754,0.36564881021778806,78.37339718999176,0.10473184496425655,0.03570399157775844,0.08971648230867674,0.2199515420651691,0.1714297758497187,0.20038053287966207,6.787072693509649,C051,22.748763160953285,120.33592231522121,226409.013,2518169.146,8944.27190999916,-8000,4000,0,38.936499752275765,63.456375334400995,NO,2022-12-31,"{""geodesic"":false,""crs"":{""type"":""name"",""properties"":{""name"":""EPSG:32651""}},""type"":""Polygon"",""coordinates"":[[[226010.71545000002,2517770.8484500004],[226807.31055,2517770.8484500004],[226807.31055,2518567.44355],[226010.71545000002,2518567.44355],[226010.71545000002,2517770.8484500004]]]}"
339,0.5273301624515604,17.88981731691985,0.16988905628076048,0.17465228242205372,0.1754042904815225,0.5359092935369459,0.5307740450564429,0.544357569939871,2.3394635866085496,27.152445177464507,24.87231278892786,20.106242665765244,0.3927895725270971,76.80649630157224,0.07028557127709806,0.04196803940864671,0.056510910562579036,0.22249561698147036,0.13481658141824238,0.2075516878103606,7.748293530910112,C340,22.64267877389957,120.47412925277301,240409.013,2506169.146,10000,6000,-8000,0,39.08130498544911,63.456375334400995,NO,2022-12-31,"{""geodesic"":false,""crs"":{""type"":""name"",""properties"":{""name"":""EPSG:32651""}},""type"":""Polygon"",""coordinates"":[[[240010.71545000002,2505770.8484500004],[240807.31055,2505770.8484500004],[240807.31055,2506567.44355],[240010.71545000002,2506567.44355],[240010.71545000002,2505770.8484500004]]]}"
410,0.5562635832035127,28.706318549411193,0.15502485815580824,0.15450642830296485,0.1674640074221552,0.5164583214568952,0.5167022220407065,0.5339951681990182,2.899722764496607,32.099486055144155,32.86923171516196,20.148976034239098,0.36385615177514485,65.98999506908089,0.0851497694020503,0.021822185289557844,0.06445119362194635,0.2419465890615211,0.14888840443397877,0.2179140895512135,7.188034353022054,C411,22.670363006663123,120.51253348478309,244409.013,2509169.146,11180.339887498949,10000,-5000,0,39.128957944777,63.456375334400995,NO,2022-12-31,"{""geodesic"":false,""crs"":{""type"":""name"",""properties"":{""name"":""EPSG:32651""}},""type"":""Polygon"",""coordinates"":[[[244010.71545000002,2508770.8484500004],[244807.31055,2508770.8484500004],[244807.31055,2509567.44355],[244010.71545000002,2509567.44355],[244010.71545000002,2508770.8484500004]]]}"
421,0.5363583388896876,37.895229279222704,0.14170655228023568,0.13073471248220758,0.1565678977657783,0.5257354393146647,0.5097583385673154,0.5494657245717176,2.194652347631174,24.367601885226556,28.867386531394327,16.155739442255165,0.38376139608896986,56.80108433926938,0.09846807527762286,0.0019495305311994227,0.07534730327832323,0.2326694712037516,0.1558322879073698,0.20244353317851405,7.893104769887487,C422,22.76964026190686,120.51073727015392,244409.013,2520169.146,11661.903789690601,10000,6000,0,40.253917324532296,63.456375334400995,NO,2022-12-31,"{""geodesic"":false,""crs"":{""type"":""name"",""properties"":{""name"":""EPSG:32651""}},""type"":""Polygon"",""coordinates"":[[[244010.71545000002,2519770.8484500004],[244807.31055,2519770.8484500004],[244807.31055,2520567.44355],[244010.71545000002,2520567.44355],[244010.71545000002,2519770.8484500004]]]}"
378,0.5432836484955819,22.666025445739166,0.15072472856102287,0.12191187556099049,0.14957757634895044,0.5222074570390896,0.496932000159265,0.5499854437084991,2.8030821237206682,28.18894718856653,27.332078699003315,19.58958441344968,0.37683608648307565,72.03028817275292,0.08944989899683567,0.010772367452416512,0.0823376246951511,0.23619745347932675,0.16865862631542028,0.20192381404173254,7.284674993797993,C379,22.65200930302294,120.49341137286144,242409.013,2507169.146,10630.145812734649,8000,-7000,0,40.299732369071485,63.456375334400995,NO,2022-12-31,"{""geodesic"":false,""crs"":{""type"":""name"",""properties"":{""name"":""EPSG:32651""}},""type"":""Polygon"",""coordinates"":[[[242010.71545000002,2506770.8484500004],[242807.31055,2506770.8484500004],[242807.31055,2507567.44355],[242010.71545000002,2507567.44355],[242010.71545000002,2506770.8484500004]]]}"
172,0.5720465164277578,89.54074142276887,0.11574763512533091,0.03795358431263755,0.14393946590028608,0.5180260592630819,0.44016683984286437,0.53942783931866,9.779359833186964,26.536423841059598,28.52056057498544,18.812540822991497,0.3480732185508997,5.1555721957232095,0.12442699243252762,0.09473065870076945,0.08797573514381546,0.24037885125533442,0.2254237866318209,0.21248141843157164,0.3083972843316971,C173,22.704604854575084,120.39515506929865,232409.013,2513169.146,2236.06797749979,-2000,-1000,0,41.17959320479272,63.456375334400995,NO,2022-12-31,"{""geodesic"":false,""crs"":{""type"":""name"",""properties"":{""name"":""EPSG:32651""}},""type"":""Polygon"",""coordinates"":[[[232010.71545000002,2512770.8484500004],[232807.31055,2512770.8484500004],[232807.31055,2513567.44355],[232010.71545000002,2513567.44355],[232010.71545000002,2512770.8484500004]]]}"
248,0.5285419525949676,7.888408402321728,0.20533944834586115,0.24648604891976575,0.20280917862161782,0.5729169678284248,0.5887891880976092,0.4722107346979078,2.441501189295337,23.67743085658916,23.147147534986495,19.399058375410217,0.3915777823836899,86.80790521617035,0.034835179211997386,0.11380180590635874,0.029106022422483724,0.18548794268999147,0.07680143837707609,0.27969852305232384,7.646255928223324,C249,22.624011433941565,120.43557337601094,236409.013,2504169.146,10198.03902718557,2000,-10000,0,41.19377645394826,63.456375334400995,NO,2022-12-31,"{""geodesic"":false,""crs"":{""type"":""name"",""properties"":{""name"":""EPSG:32651""}},""type"":""Polygon"",""coordinates"":[[[236010.71545000002,2503770.8484500004],[236807.31055,2503770.8484500004],[236807.31055,2504567.44355],[236010.71545000002,2504567.44355],[236010.71545000002,2503770.8484500004]]]}"
228,0.5400233706798693,13.147617791130862,0.18880885804877862,0.19292962448086165,0.18976942426089302,0.513461045541576,0.5170331829715945,0.5263469060503251,2.547876439864781,24.188628946891953,26.265430859060938,19.38862993560391,0.38009636429878824,81.54869582736123,0.05136576950907992,0.060245381467454645,0.04214577678320852,0.2449438649768403,0.14855744350309075,0.22556235169990657,7.53988067765388,C229,22.623855650505995,120.42585209845015,235409.013,2504169.146,10049.875621120891,1000,-10000,0,41.21228691158275,63.456375334400995,NO,2022-12-31,"{""geodesic"":false,""crs"":{""type"":""name"",""properties"":{""name"":""EPSG:32651""}},""type"":""Polygon"",""coordinates"":[[[235010.71545000002,2503770.8484500004],[235807.31055,2503770.8484500004],[235807.31055,2504567.44355],[235010.71545000002,2504567.44355],[235010.71545000002,2503770.8484500004]]]}"
233,0.5290449598243051,25.88554422725046,0.1477922004143736,0.10245960067398478,0.15170231316685936,0.5362113492806024,0.4734531887409211,0.5384783407774301,4.155886959345277,28.296928133614514,28.41924231291872,17.526743732647308,0.3910747751543524,68.81076939124162,0.09238242714348494,0.030224642339422222,0.08021288787724218,0.22219356123781386,0.19213743773376413,0.2134309169728016,5.931870158173385,C234,22.66897907344932,120.42501041226679,235409.013,2509169.146,5099.019513592785,1000,-5000,0,41.41641698055984,63.456375334400995,NO,2022-12-31,"{""geodesic"":false,""crs"":{""type"":""name"",""properties"":{""name"":""EPSG:32651""}},""type"":""Polygon"",""coordinates"":[[[235010.71545000002,2508770.8484500004],[235807.31055,2508770.8484500004],[235807.31055,2509567.44355],[235010.71545000002,2509567.44355],[235010.71545000002,2508770.8484500004]]]}"
192,0.5154891003771316,66.7713622041357,0.1756843526856638,0.11297769320452243,0.1572468061884883,0.5319028307690189,0.46629781389826336,0.5265691390938989,5.551956094348774,26.298677535907228,27.06916225814405,18.833714090443635,0.40463063460152593,27.924951414356386,0.06449027487219475,0.019706549808884574,0.07466839485561325,0.2265020797493974,0.1992928125764219,0.22534011865633274,4.5358010231698875,C193,22.677689561655352,120.40539191019602,233409.013,2510169.146,4123.105625617661,-1000,-4000,0,41.53483535716405,63.456375334400995,NO,2022-12-31,"{""geodesic"":false,""crs"":{""type"":""name"",""properties"":{""name"":""EPSG:32651""}},""type"":""Polygon"",""coordinates"":[[[233010.71545000002,2509770.8484500004],[233807.31055,2509770.8484500004],[233807.31055,2510567.44355],[233010.71545000002,2510567.44355],[233010.71545000002,2509770.8484500004]]]}"
144,0.5634885961340123,36.963950324637395,0.138796689080154,0.061938760954191985,0.150087437616561,0.5133172262046604,0.4336170237289232,0.5454940277551601,5.741686222146272,26.188088245017614,30.671819298051503,19.599547540671576,0.35663113884464526,57.73236329385469,0.10137793847770454,0.07074548205921502,0.08182776342754056,0.24508768431375594,0.23197360274576206,0.20641522999507156,4.34607089537239,C145,22.65932428523884,120.38628452769723,231409.013,2508169.146,6708.203932499369,-3000,-6000,0,42.37681763857958,63.456375334400995,NO,2022-12-31,"{""geodesic"":false,""crs"":{""type"":""name"",""properties"":{""name"":""EPSG:32651""}},""type"":""Polygon"",""coordinates"":[[[231010.71545000002,2507770.8484500004],[231807.31055,2507770.8484500004],[231807.31055,2508567.44355],[231010.71545000002,2508567.44355],[231010.71545000002,2507770.8484500004]]]}"
357,0.5465043778313461,34.69058443384188,0.12901281636862652,0.07455250202074365,0.16055477502137866,0.5229810491228042,0.47022482504493657,0.5526173672717772,2.0164115185604636,27.543939288139672,30.74702691212261,16.120737801611217,0.3736153571473114,60.00572918465021,0.11116181118923202,0.058131740992663355,0.07136042602272288,0.2354238613956121,0.1953658014297487,0.19929189047845441,8.071345598958198,C358,22.805127518196514,120.47114338452919,240409.013,2524169.146,11661.903789690601,6000,10000,0,42.75469298559848,63.456375334400995,NO,2022-12-31,"{""geodesic"":false,""crs"":{""type"":""name"",""properties"":{""name"":""EPSG:32651""}},""type"":""Polygon"",""coordinates"":[[[240010.71545000002,2523770.8484500004],[240807.31055,2523770.8484500004],[240807.31055,2524567.44355],[240010.71545000002,2524567.44355],[240010.71545000002,2523770.8484500004]]]}"
413,0.5357051710255482,32.088200525623996,0.17339056884655837,0.1624633142392781,0.1569614766673963,0.5275164231248798,0.5042634988057394,0.5003979452984073,2.5869613151429096,30.291098440492192,32.47472203289073,20.509283078750265,0.38441456395310936,62.60811309286809,0.06678405871130016,0.02977907122587109,0.07495372437670525,0.2308884873935365,0.16132712766894586,0.25151131245182434,7.500795802375752,C414,22.697438757220016,120.51204460198797,244409.013,2512169.146,10198.03902718557,10000,-2000,0,42.984244650766954,63.456375334400995,NO,2022-12-31,"{""geodesic"":false,""crs"":{""type"":""name"",""properties"":{""name"":""EPSG:32651""}},""type"":""Polygon"",""coordinates"":[[[244010.71545000002,2511770.8484500004],[244807.31055,2511770.8484500004],[244807.31055,2512567.44355],[244010.71545000002,2512567.44355],[244010.71545000002,2511770.8484500004]]]}"
297,0.5092997632652709,15.476176057473834,0.11435844041734784,0.12906135926262768,0.16473244760719932,0.48896198046983863,0.5380510548645736,0.5603902182266273,2.6887918202689374,24.6765830360503,24.658377758429232,22.50269145944398,0.4108199717133866,79.22013756101825,0.12581618714051068,0.003622883750779321,0.06718275343690222,0.26944293004857767,0.12753957161011165,0.19151903952360438,7.398965297249724,C298,22.651395942089955,120.45451713480199,238409.013,2507169.146,8062.25774829855,4000,-7000,0,44.21169758671207,63.456375334400995,NO,2022-12-31,"{""geodesic"":false,""crs"":{""type"":""name"",""properties"":{""name"":""EPSG:32651""}},""type"":""Polygon"",""coordinates"":[[[238010.71545000002,2506770.8484500004],[238807.31055,2506770.8484500004],[238807.31055,2507567.44355],[238010.71545000002,2507567.44355],[238010.71545000002,2506770.8484500004]]]}"
51,0.5297098686434307,17.805874432340254,0.12024656629039782,0.06195942358104886,0.12740743897006393,0.5216169442060514,0.45817536230078537,0.5706056636881238,3.6698215566239334,30.016253189368594,26.780378639618778,21.015978821788966,0.3904098663352268,76.89043918615184,0.11992806126746072,0.07072481943235814,0.10450776207403761,0.23678796631236487,0.20741526417389988,0.18130359406210783,6.417935560894728,C052,22.75778707648429,120.33574720970694,226409.013,2519169.146,9433.981132056604,-8000,5000,0,44.22165796137236,63.456375334400995,NO,2022-12-31,"{""geodesic"":false,""crs"":{""type"":""name"",""properties"":{""name"":""EPSG:32651""}},""type"":""Polygon"",""coordinates"":[[[226010.71545000002,2518770.8484500004],[226807.31055,2518770.8484500004],[226807.31055,2519567.44355],[226010.71545000002,2519567.44355],[226010.71545000002,2518770.8484500004]]]}"
190,0.5109626532580835,38.12531924583514,0.19629525444109341,0.13040013955819185,0.1770109143214316,0.5215521047255333,0.44394502544697423,0.5210145759392781,4.11978804998896,24.650699173869366,30.74022271973659,18.891714408067333,0.40915708172057397,56.57099437265694,0.043879373116765125,0.002284103455215153,0.05490428672266995,0.23685280579288304,0.22164560102771103,0.23089468181095352,5.967969067529701,C191,22.65964052641962,120.40573155169889,233409.013,2508169.146,6082.76253029822,-1000,-6000,0,45.080223908375835,63.456375334400995,NO,2022-12-31,"{""geodesic"":false,""crs"":{""type"":""name"",""properties"":{""name"":""EPSG:32651""}},""type"":""Polygon"",""coordinates"":[[[233010.71545000002,2507770.8484500004],[233807.31055,2507770.8484500004],[233807.31055,2508567.44355],[233010.71545000002,2508567.44355],[233010.71545000002,2507770.8484500004]]]}"
112,0.48928328885159245,46.61068290955691,0.09641863354751043,0.031116221992788504,0.10532176452132981,0.5424286061528077,0.4749457257154023,0.5728899448893429,6.523024074996232,28.010168284961633,31.99044718825754,21.241759857922023,0.43083644612706506,48.08563070893518,0.1437559940103481,0.1015680210206185,0.12659343652277172,0.21597630436560855,0.19064490075928298,0.1790193128608888,3.5647330425224295,C113,22.776319956341432,120.36459090941045,229409.013,2521169.146,8602.325267042626,-5000,7000,0,45.08710333962316,63.456375334400995,NO,2022-12-31,"{""geodesic"":false,""crs"":{""type"":""name"",""properties"":{""name"":""EPSG:32651""}},""type"":""Polygon"",""coordinates"":[[[229010.71545000002,2520770.8484500004],[229807.31055,2520770.8484500004],[229807.31055,2521567.44355],[229010.71545000002,2521567.44355],[229010.71545000002,2520770.8484500004]]]}"
294,0.5155230873520871,13.633164366572354,0.15679588538965739,0.1340084843303703,0.1717979228517983,0.5111987439816841,0.4746498546494649,0.5353498974358252,2.4066458228065843,26.04740750444764,27.0333733555711,24.708271873553564,0.40459664762657044,81.06314925191973,0.08337874216820115,0.0013242413169632927,0.06011727819230325,0.24720616653673222,0.19094077182522035,0.21655936031440648,7.6811112947120765,C295,22.624321236679094,120.45501618631181,238409.013,2504169.146,10770.329614269009,4000,-10000,0,45.44976215717957,63.456375334400995,NO,2022-12-31,"{""geodesic"":false,""crs"":{""type"":""name"",""properties"":{""name"":""EPSG:32651""}},""type"":""Polygon"",""coordinates"":[[[238010.71545000002,2503770.8484500004],[238807.31055,2503770.8484500004],[238807.31055,2504567.44355],[238010.71545000002,2504567.44355],[238010.71545000002,2503770.8484500004]]]}"
425,0.507330990497859,35.78051705929858,0.13286617352020644,0.08672883351113661,0.14335542861093548,0.5263328795231574,0.4810683813630961,0.5261557129776148,2.3897630313426674,27.295486467931422,30.70095169709322,20.569606869570958,0.4127887444807985,58.9157965591935,0.1073084540376521,0.045955409502270395,0.08855977243316607,0.23207203099525886,0.18452224511158916,0.2257535447726169,7.697994086175994,C426,22.706615074323498,120.52160922199107,245409.013,2513169.146,11045.36101718726,11000,-1000,0,46.41341405037667,63.456375334400995,NO,2022-12-31,"{""geodesic"":false,""crs"":{""type"":""name"",""properties"":{""name"":""EPSG:32651""}},""type"":""Polygon"",""coordinates"":[[[245010.71545000002,2512770.8484500004],[245807.31055,2512770.8484500004],[245807.31055,2513567.44355],[245010.71545000002,2513567.44355],[245010.71545000002,2512770.8484500004]]]}"
399,0.5050520093408561,30.616561420334204,0.14796875874491114,0.12694565278411543,0.15132544620406263,0.5109023151760144,0.4907420795881833,0.5105225392941845,2.8007623518105533,24.761643783133422,29.97182109009203,18.278908239493216,0.41506772563780137,64.07975219815788,0.0922058688129474,0.005738590229291574,0.08058975484003891,0.24750259534240193,0.17484854688650198,0.2413867184560472,7.2869947657081084,C400,22.69728714405862,120.50231757447644,243409.013,2512169.146,9219.544457292888,9000,-2000,0,47.07792418652866,63.456375334400995,NO,2022-12-31,"{""geodesic"":false,""crs"":{""type"":""name"",""properties"":{""name"":""EPSG:32651""}},""type"":""Polygon"",""coordinates"":[[[243010.71545000002,2511770.8484500004],[243807.31055,2511770.8484500004],[243807.31055,2512567.44355],[243010.71545000002,2512567.44355],[243010.71545000002,2511770.8484500004]]]}"
236,0.4916759718884454,48.49989402243261,0.12187667153297185,0.06061945256430171,0.11969338330294284,0.5251625160122809,0.4604925671824148,0.5330821522192024,6.241991964002134,26.578338432409463,24.230848185126423,16.046388513143977,0.4284437630902121,46.19641959605947,0.11829795602488669,0.0720647904491053,0.1122218177411587,0.23324239450613538,0.20509805929227043,0.21882710553102924,3.8457651535165276,C237,22.696052991038396,120.4245043733947,235409.013,2512169.146,2236.06797749979,1000,-2000,0,47.18111101394986,63.456375334400995,NO,2022-12-31,"{""geodesic"":false,""crs"":{""type"":""name"",""properties"":{""name"":""EPSG:32651""}},""type"":""Polygon"",""coordinates"":[[[235010.71545000002,2511770.8484500004],[235807.31055,2511770.8484500004],[235807.31055,2512567.44355],[235010.71545000002,2512567.44355],[235010.71545000002,2511770.8484500004]]]}"
132,0.47741503719719824,40.419290512628564,0.11300429644011932,0.05721719586199809,0.10811549787159233,0.5386878886687849,0.48218009817965124,0.5295221728215312,5.715035158132333,25.141412387449012,27.790752082320108,17.35357020813002,0.44270469778145927,54.27702310586352,0.12717033111773923,0.07546704715140892,0.12379970317250921,0.21971702184963138,0.18341052829503401,0.2223870849287004,4.372721959386328,C133,22.758432101798654,120.37466784978837,230409.013,2519169.146,6403.1242374328485,-4000,5000,0,47.655793193617,63.456375334400995,NO,2022-12-31,"{""geodesic"":false,""crs"":{""type"":""name"",""properties"":{""name"":""EPSG:32651""}},""type"":""Polygon"",""coordinates"":[[[230010.71545000002,2518770.8484500004],[230807.31055,2518770.8484500004],[230807.31055,2519567.44355],[230010.71545000002,2519567.44355],[230010.71545000002,2518770.8484500004]]]}"
214,0.4923958778124988,54.45239444418014,0.1622255198388099,0.09227354342250149,0.15722372023237272,0.513914361405014,0.4312506745506053,0.5158139314300346,6.022396195400746,27.87029581645057,24.352528970806443,17.667004888562833,0.42772385716615874,40.24391917431194,0.07794910771904864,0.04041069959090551,0.07469148081172883,0.2444905491134023,0.23433995192407997,0.23609532632019703,4.065360922117915,C215,22.686871507615407,120.41494750636048,234409.013,2511169.146,3000,0,-3000,0,48.32185231448757,63.456375334400995,NO,2022-12-31,"{""geodesic"":false,""crs"":{""type"":""name"",""properties"":{""name"":""EPSG:32651""}},""type"":""Polygon"",""coordinates"":[[[234010.71545000002,2510770.8484500004],[234807.31055,2510770.8484500004],[234807.31055,2511567.44355],[234010.71545000002,2511567.44355],[234010.71545000002,2510770.8484500004]]]}"
134,0.49289270559184545,52.28981929434389,0.08888693410464646,0.02996534873428097,0.10638094249373511,0.5279562329746552,0.4721336096800828,0.551040399188333,4.59077767567501,29.945909420386048,30.714848662179932,23.252798827387604,0.42722702938681206,42.40649432414819,0.15128769345321208,0.10271889427912603,0.12553425855036643,0.23044867754376108,0.19345701679460248,0.20086885856189862,5.496979441843651,C135,22.776480466155654,120.37432247790632,230409.013,2521169.146,8062.25774829855,-4000,7000,0,48.5978071178798,63.456375334400995,NO,2022-12-31,"{""geodesic"":false,""crs"":{""type"":""name"",""properties"":{""name"":""EPSG:32651""}},""type"":""Polygon"",""coordinates"":[[[230010.71545000002,2520770.8484500004],[230807.31055,2520770.8484500004],[230807.31055,2521567.44355],[230010.71545000002,2521567.44355],[230010.71545000002,2520770.8484500004]]]}"
280,0.4628630504113356,22.38873869392382,0.15149182651653584,0.0750744288181722,0.14269488756355544,0.5510586916053942,0.4637708505481536,0.5379680297081549,2.5539207229726393,25.234598493326487,24.571747431048124,18.33530498984405,0.45725668456732194,72.30757492456826,0.0886828010413227,0.05760981419523481,0.0892203134805461,0.20734621891302207,0.20181977592653166,0.21394122804207671,7.533836394546022,C281,22.705389824398004,120.44378958695138,237409.013,2513169.146,3162.2776601683795,3000,-1000,0,48.610013929777246,63.456375334400995,NO,2022-12-31,"{""geodesic"":false,""crs"":{""type"":""name"",""properties"":{""name"":""EPSG:32651""}},""type"":""Polygon"",""coordinates"":[[[237010.71545000002,2512770.8484500004],[237807.31055,2512770.8484500004],[237807.31055,2513567.44355],[237010.71545000002,2513567.44355],[237010.71545000002,2512770.8484500004]]]}"
256,0.5206835460403006,29.084076360699438,0.1209900025806769,0.07220111827193341,0.1321999318405985,0.49577608588413313,0.4509521709462771,0.5170978689610368,4.198953310389751,25.767485835155725,27.84496625093387,18.894465499203783,0.39943618893835686,65.61223725779264,0.11918462497718164,0.06048312474147359,0.09971526920350304,0.26262882463428316,0.21463845552840816,0.23481138878919483,5.888803807128911,C257,22.696209325722783,120.43423072700531,236409.013,2512169.146,2828.42712474619,2000,-2000,0,49.822984862941595,63.456375334400995,NO,2022-12-31,"{""geodesic"":false,""crs"":{""type"":""name"",""properties"":{""name"":""EPSG:32651""}},""type"":""Polygon"",""coordinates"":[[[236010.71545000002,2511770.8484500004],[236807.31055,2511770.8484500004],[236807.31055,2512567.44355],[236010.71545000002,2512567.44355],[236010.71545000002,2511770.8484500004]]]}"
283,0.49209061298290097,43.01873053087039,0.09104770364359697,0.055077997810436714,0.1113551265385608,0.5167451217405811,0.47353575520271146,0.5190514097629478,5.887830678878818,23.14627005308764,26.143930513320715,23.03993778529748,0.42802912199575655,51.67758308762169,0.14912692391426158,0.0776062452029703,0.12056007450554074,0.24165978877783523,0.1920548712719738,0.23285784798728382,4.199926438639843,C284,22.732464018615865,120.44328633934764,237409.013,2516169.146,3605.5512754639894,3000,2000,0,49.94556101253079,63.456375334400995,NO,2022-12-31,"{""geodesic"":false,""crs"":{""type"":""name"",""properties"":{""name"":""EPSG:32651""}},""type"":""Polygon"",""coordinates"":[[[237010.71545000002,2515770.8484500004],[237807.31055,2515770.8484500004],[237807.31055,2516567.44355],[237010.71545000002,2516567.44355],[237010.71545000002,2515770.8484500004]]]}"
186,0.5153920830122596,14.270452280124335,0.16649913935020325,0.18126486442362846,0.18664263238211487,0.4607004378149158,0.48941104115117906,0.5095637068924901,2.951435944051185,23.603593226581253,28.66416913896159,20.100427803322912,0.4047276519663979,80.42586133836775,0.07367548820765529,0.04858062141022146,0.04527256866198667,0.2977044727035005,0.1761795853235062,0.24234555085774157,7.1363211734674765,C187,22.623542319606628,120.40640980011612,233409.013,2504169.146,10049.875621120891,-1000,-10000,0,50.12523893839157,63.456375334400995,NO,2022-12-31,"{""geodesic"":false,""crs"":{""type"":""name"",""properties"":{""name"":""EPSG:32651""}},""type"":""Polygon"",""coordinates"":[[[233010.71545000002,2503770.8484500004],[233807.31055,2503770.8484500004],[233807.31055,2504567.44355],[233010.71545000002,2504567.44355],[233010.71545000002,2503770.8484500004]]]}"
36,0.5250820785445163,12.769563366243016,0.10132195913039799,0.09563857290528514,0.13899099753504227,0.4762644164519978,0.43554713721164356,0.5688898668142228,3.311665811595601,26.35465037598862,28.189004657451434,21.439744492101784,0.39503765643414124,81.92675025224906,0.13885266842746055,0.03704567010812186,0.09292420350905928,0.2821404940664185,0.2300434892630417,0.18301939093600883,6.77609130592306,C037,22.76664817324693,120.32584143856238,225409.013,2520169.146,10816.653826391968,-9000,6000,0,50.18510574440797,63.456375334400995,NO,2022-12-31,"{""geodesic"":false,""crs"":{""type"":""name"",""properties"":{""name"":""EPSG:32651""}},""type"":""Polygon"",""coordinates"":[[[225010.71545000002,2519770.8484500004],[225807.31055,2519770.8484500004],[225807.31055,2520567.44355],[225010.71545000002,2520567.44355],[225010.71545000002,2519770.8484500004]]]}"
113,0.45249455126996974,52.68447481163483,0.09502346884806653,0.04656382248425721,0.10163797570453163,0.5300093336997822,0.4766207484293803,0.5517790178392654,4.339479036105427,29.23445142241665,30.0079733443245,21.2118130073714,0.4676251837086878,42.011838806857256,0.145151158709792,0.0861204205291498,0.13027722533956992,0.2283955768186341,0.18896987804530496,0.20013023991096623,5.748278081413234,C114,22.785344050773944,120.36441745347693,229409.013,2522169.146,9433.981132056604,-5000,8000,0,51.33752817962232,63.456375334400995,NO,2022-12-31,"{""geodesic"":false,""crs"":{""type"":""name"",""properties"":{""name"":""EPSG:32651""}},""type"":""Polygon"",""coordinates"":[[[229010.71545000002,2521770.8484500004],[229807.31055,2521770.8484500004],[229807.31055,2522567.44355],[229010.71545000002,2522567.44355],[229010.71545000002,2521770.8484500004]]]}"
106,0.47770423545681895,40.80909330784099,0.10196483191203805,0.05465347003247605,0.09904863992042927,0.5086507822468151,0.4558018111655436,0.5207064475278216,7.5333370691901616,24.126666365933392,25.540675302654005,19.34706633701357,0.44241549952183856,53.887220310651095,0.13820979564582048,0.07803077298093095,0.1328665611236723,0.24975412827160115,0.20978881530914167,0.23120281022241007,2.5544200483285,C107,22.7221751494322,120.36562980098041,229409.013,2515169.146,5099.019513592785,-5000,1000,0,52.16711993708067,63.456375334400995,NO,2022-12-31,"{""geodesic"":false,""crs"":{""type"":""name"",""properties"":{""name"":""EPSG:32651""}},""type"":""Polygon"",""coordinates"":[[[229010.71545000002,2514770.8484500004],[229807.31055,2514770.8484500004],[229807.31055,2515567.44355],[229010.71545000002,2515567.44355],[229010.71545000002,2514770.8484500004]]]}"
89,0.43343527366003165,24.884998581816266,0.14291845619262045,0.1451605722949733,0.13192295710215812,0.5014625044086694,0.5092961393743762,0.5187848907367477,2.811942105955573,28.64908510153147,28.401753851496665,21.967585695067644,0.48668446131862586,69.81131503667582,0.09725617136523809,0.012476329281566306,0.09999224394194342,0.25694240610974695,0.15629448710030902,0.23312436701348394,7.275815011563088,C090,22.758110772674055,120.35520735349698,228409.013,2519169.146,7810.249675906654,-6000,5000,0,53.549816737883525,63.456375334400995,NO,2022-12-31,"{""geodesic"":false,""crs"":{""type"":""name"",""properties"":{""name"":""EPSG:32651""}},""type"":""Polygon"",""coordinates"":[[[228010.71545000002,2518770.8484500004],[228807.31055,2518770.8484500004],[228807.31055,2519567.44355],[228010.71545000002,2519567.44355],[228010.71545000002,2518770.8484500004]]]}"
37,0.46694952069096046,11.585083302075606,0.1026951326427163,0.05455977762688202,0.11038071402062902,0.5227314366292803,0.4553819156428364,0.5340744478283832,3.3025007010988916,30.151498485725746,26.27163564479777,20.074047731307587,0.45317021428769705,83.11123031641648,0.13747949491514222,0.07812446538652498,0.12153448702347253,0.23567347388913595,0.21020871083184883,0.21783480992184845,6.78525641641977,C038,22.77567199421677,120.32566551719734,225409.013,2521169.146,11401.75425099138,-9000,7000,0,53.853734187434455,63.456375334400995,NO,2022-12-31,"{""geodesic"":false,""crs"":{""type"":""name"",""properties"":{""name"":""EPSG:32651""}},""type"":""Polygon"",""coordinates"":[[[225010.71545000002,2520770.8484500004],[225807.31055,2520770.8484500004],[225807.31055,2521567.44355],[225010.71545000002,2521567.44355],[225010.71545000002,2520770.8484500004]]]}"
402,0.4801859025735548,32.02178874067131,0.12577566821341268,0.10994087838566859,0.14619787323176633,0.49065669962626113,0.46761278883621593,0.503622823096427,2.237655227487999,24.903394804442005,26.170185760446127,16.934545411851087,0.4399338324051027,62.67452487782077,0.11439895934444586,0.02274336462773842,0.08571732781233521,0.26774821089215517,0.19797783763846932,0.24828643465380462,7.850101890030663,C403,22.724362592435913,120.50182603717599,243409.013,2515169.146,9055.385138137417,9000,1000,0,54.135625404380555,63.456375334400995,NO,2022-12-31,"{""geodesic"":false,""crs"":{""type"":""name"",""properties"":{""name"":""EPSG:32651""}},""type"":""Polygon"",""coordinates"":[[[243010.71545000002,2514770.8484500004],[243807.31055,2514770.8484500004],[243807.31055,2515567.44355],[243010.71545000002,2515567.44355],[243010.71545000002,2514770.8484500004]]]}"
136,0.46135093899832347,56.989504204188776,0.07065035211226091,0.033388295525948984,0.0939964176371444,0.507905142003745,0.4757383517306463,0.5404617991596525,3.133939409794071,26.343463099723323,35.03520865221869,17.566186544000452,0.45876879598033404,37.70680941430331,0.16952427544559762,0.09929594748745801,0.13791878340695712,0.25049976851467126,0.18985227474403893,0.21144745859057912,6.953817707724591,C137,22.794528784748824,120.37397675590115,230409.013,2523169.146,9848.857801796104,-4000,9000,0,55.7474640430163,63.456375334400995,NO,2022-12-31,"{""geodesic"":false,""crs"":{""type"":""name"",""properties"":{""name"":""EPSG:32651""}},""type"":""Polygon"",""coordinates"":[[[230010.71545000002,2522770.8484500004],[230807.31055,2522770.8484500004],[230807.31055,2523567.44355],[230010.71545000002,2523567.44355],[230010.71545000002,2522770.8484500004]]]}"
407,0.4427823097177409,37.5614333110667,0.12080689307837181,0.10557500857348603,0.1312836337171466,0.4997850325361628,0.47470175699595657,0.5051833161985106,2.2630004254550955,22.212113328641024,28.304522059709495,18.308227875869637,0.4773374252609166,57.134880307425384,0.11936773447948673,0.02710923443992097,0.10063156732695494,0.2586198779822535,0.19088886947872868,0.246725941551721,7.824756692063566,C408,22.76948811359285,120.50100514437804,243409.013,2520169.146,10816.653826391968,9000,6000,0,56.77129761057972,63.456375334400995,NO,2022-12-31,"{""geodesic"":false,""crs"":{""type"":""name"",""properties"":{""name"":""EPSG:32651""}},""type"":""Polygon"",""coordinates"":[[[243010.71545000002,2519770.8484500004],[243807.31055,2519770.8484500004],[243807.31055,2520567.44355],[243010.71545000002,2520567.44355],[243010.71545000002,2519770.8484500004]]]}"
191,0.46758971171011937,54.93195436846963,0.18096939172015797,0.11260839002429489,0.17440551497862536,0.48841701355395234,0.41664930676384904,0.479717113407286,3.596552293154043,24.80342675219853,31.35473936006845,22.271541717157852,0.45253002326853814,39.76435925002245,0.05920523583770057,0.020075852989112117,0.057509686065476184,0.26998789696446396,0.24894131971083622,0.27219214434294564,6.491204824364619,C192,22.66866504972158,120.40556177407629,233409.013,2509169.146,5099.019513592785,-1000,-5000,0,57.16940899738489,63.456375334400995,NO,2022-12-31,"{""geodesic"":false,""crs"":{""type"":""name"",""properties"":{""name"":""EPSG:32651""}},""type"":""Polygon"",""coordinates"":[[[233010.71545000002,2508770.8484500004],[233807.31055,2508770.8484500004],[233807.31055,2509567.44355],[233010.71545000002,2509567.44355],[233010.71545000002,2508770.8484500004]]]}"
195,0.45771309678810584,129.07612031883494,0.10294932668936632,0.057080008835987836,0.09791837826214606,0.49253832388023405,0.4500993861311758,0.48648656148913505,7.975549381035659,24.71603697041342,27.747198700832428,20.732839512886304,0.46240663819055167,34.379806700342854,0.13722530086849222,0.07560423417741917,0.1339968227819555,0.26586658663818225,0.21549124034350947,0.2654226962610966,2.1122077364830023,C196,22.73183639431118,120.40437091409049,233409.013,2516169.146,2236.06797749979,-1000,2000,0,57.81980947550807,63.456375334400995,NO,2022-12-31,"{""geodesic"":false,""crs"":{""type"":""name"",""properties"":{""name"":""EPSG:32651""}},""type"":""Polygon"",""coordinates"":[[[233010.71545000002,2515770.8484500004],[233807.31055,2515770.8484500004],[233807.31055,2516567.44355],[233010.71545000002,2516567.44355],[233010.71545000002,2515770.8484500004]]]}"
7,0.494247858975063,22.91728620802377,0.09298857486197046,0.029618969223498177,0.12452418172871065,0.470296305505584,0.42477996119701444,0.505604496391584,7.373935424041376,31.316481767223802,29.27148486621799,30.156243067429525,0.4258718760035945,71.77902741046832,0.14718605269588808,0.10306527378990883,0.1073910193153909,0.2881086050128323,0.2408106652776708,0.24630476135864765,2.7138216934772856,C008,22.730225960012778,120.30708844653478,223409.013,2516169.146,11180.339887498949,-11000,2000,0,57.86940715551745,63.456375334400995,NO,2022-12-31,"{""geodesic"":false,""crs"":{""type"":""name"",""properties"":{""name"":""EPSG:32651""}},""type"":""Polygon"",""coordinates"":[[[223010.71545000002,2515770.8484500004],[223807.31055,2515770.8484500004],[223807.31055,2516567.44355],[223010.71545000002,2516567.44355],[223010.71545000002,2515770.8484500004]]]}"
281,0.4848618923824071,25.64342534328391,0.11293905250497843,0.09103966562189518,0.144337939934565,0.47308903043359535,0.4400940003021509,0.4994853952321041,2.269690424850484,23.533654829518234,24.98333340542688,17.454926164841755,0.4352578425962504,69.05288827520818,0.1272355750528801,0.041644577391511825,0.08757726110953654,0.28531588008482095,0.22549662617253435,0.25242386251812754,7.818066692668177,C282,22.714414567157505,120.44362192285199,237409.013,2514169.146,3000,3000,0,0,58.23224509982454,63.456375334400995,NO,2022-12-31,"{""geodesic"":false,""crs"":{""type"":""name"",""properties"":{""name"":""EPSG:32651""}},""type"":""Polygon"",""coordinates"":[[[237010.71545000002,2513770.8484500004],[237807.31055,2513770.8484500004],[237807.31055,2514567.44355],[237010.71545000002,2514567.44355],[237010.71545000002,2513770.8484500004]]]}"
384,0.47721729479745884,27.56852731965736,0.08721232364555608,0.07934207136640396,0.1102126337929592,0.47460925902775114,0.47947238723835955,0.5000487553151068,2.470108043144123,24.237245151757996,32.536077791860045,18.348102012832207,0.4429024401811987,67.12778629883472,0.15296230391230248,0.05334217164700304,0.12170256725114234,0.28379565149066516,0.1861182392363257,0.2518605024351248,7.617649074374539,C385,22.70616003426686,120.49242623131947,242409.013,2513169.146,8062.25774829855,8000,-1000,0,58.36726787260097,63.456375334400995,NO,2022-12-31,"{""geodesic"":false,""crs"":{""type"":""name"",""properties"":{""name"":""EPSG:32651""}},""type"":""Polygon"",""coordinates"":[[[242010.71545000002,2512770.8484500004],[242807.31055,2512770.8484500004],[242807.31055,2513567.44355],[242010.71545000002,2513567.44355],[242010.71545000002,2512770.8484500004]]]}"
366,0.5094300907533429,25.908012707420934,0.10209291506589097,0.06788728231737891,0.09178463092922926,0.4861834412444378,0.4635387220826438,0.46644086325460915,2.1017012308678944,26.324993341642568,30.92108656976874,12.926919577852336,0.4106896442253146,68.78830091107115,0.13808171249196757,0.0647969606960281,0.1401305701148723,0.2722214692739785,0.20205190439204146,0.2854683944956225,7.986055886650767,C367,22.70600717321528,120.48269873424384,241409.013,2513169.146,7071.067811865475,7000,-1000,0,59.08817551870542,63.456375334400995,NO,2022-12-31,"{""geodesic"":false,""crs"":{""type"":""name"",""properties"":{""name"":""EPSG:32651""}},""type"":""Polygon"",""coordinates"":[[[241010.71545000002,2512770.8484500004],[241807.31055,2512770.8484500004],[241807.31055,2513567.44355],[241010.71545000002,2513567.44355],[241010.71545000002,2512770.8484500004]]]}"
422,0.48594082435098784,34.580357258721854,0.12764598459278792,0.11097799926395467,0.1352695726617923,0.46728610716940544,0.440779042583822,0.47009386111686435,2.578956378597618,27.329338112931886,29.52815820875043,24.554562998565792,0.43417891062766967,60.11595635977023,0.11252864296507062,0.021706243749452334,0.09664562838230925,0.29111880334901086,0.22481158389086325,0.2818153966333673,7.508800738921043,C423,22.679539157821875,120.52209644550808,245409.013,2510169.146,11704.699910719624,11000,-4000,0,60.07757644129749,63.456375334400995,NO,2022-12-31,"{""geodesic"":false,""crs"":{""type"":""name"",""properties"":{""name"":""EPSG:32651""}},""type"":""Polygon"",""coordinates"":[[[245010.71545000002,2509770.8484500004],[245807.31055,2509770.8484500004],[245807.31055,2510567.44355],[245010.71545000002,2510567.44355],[245010.71545000002,2509770.8484500004]]]}"
234,0.42617936347957347,43.43595092775157,0.16838179627021013,0.09304659705591034,0.155033195415923,0.4998740907472097,0.4251797350826826,0.48230774610028815,3.3429185559772536,27.702516951776136,28.437971607899016,15.968460705186473,0.49394037149908404,51.260362690740514,0.0717928312876484,0.039637645957496664,0.07688200562817854,0.2585308197712066,0.24041089139200267,0.2696015116499435,6.744838561541408,C235,22.678003724001407,120.4248418182896,235409.013,2510169.146,4123.105625617661,1000,-4000,0,60.513887953620596,63.456375334400995,NO,2022-12-31,"{""geodesic"":false,""crs"":{""type"":""name"",""properties"":{""name"":""EPSG:32651""}},""type"":""Polygon"",""coordinates"":[[[235010.71545000002,2509770.8484500004],[235807.31055,2509770.8484500004],[235807.31055,2510567.44355],[235010.71545000002,2510567.44355],[235010.71545000002,2509770.8484500004]]]}"
207,0.4474354355616225,13.03851527590935,0.1612730385608832,0.1613892685165383,0.16335576930059395,0.4673928740623447,0.46419828476892877,0.4699221554752924,2.9211689526506808,24.1432600429966,27.44320251231716,23.712894102147487,0.472684299417035,81.65779834258274,0.07890158899697533,0.028705025503131282,0.06855943174350759,0.2910120364560716,0.20139234170575648,0.2819871022749392,7.166588164867981,C208,22.623699279053962,120.41613090637802,234409.013,2504169.146,10000,0,-10000,0,60.568690551097525,63.456375334400995,NO,2022-12-31,"{""geodesic"":false,""crs"":{""type"":""name"",""properties"":{""name"":""EPSG:32651""}},""type"":""Polygon"",""coordinates"":[[[234010.71545000002,2503770.8484500004],[234807.31055,2503770.8484500004],[234807.31055,2504567.44355],[234010.71545000002,2504567.44355],[234010.71545000002,2503770.8484500004]]]}"
273,0.4995825781530491,14.778036010126884,0.15006021650014037,0.08959285917029662,0.15750566125833979,0.4555778907845469,0.4233505409733478,0.46475617637804323,2.676763406551972,23.384870358228866,24.724064075952846,25.04798775480188,0.42053715682560844,79.9182776083652,0.09011441105771817,0.043091383843110384,0.07440953978576176,0.3028270197338694,0.24224008550133747,0.2871530813721884,7.4109937109666895,C274,22.642216307538213,120.44496085511702,237409.013,2506169.146,8544.003745317532,3000,-8000,0,61.05884510237036,63.456375334400995,NO,2022-12-31,"{""geodesic"":false,""crs"":{""type"":""name"",""properties"":{""name"":""EPSG:32651""}},""type"":""Polygon"",""coordinates"":[[[237010.71545000002,2505770.8484500004],[237807.31055,2505770.8484500004],[237807.31055,2506567.44355],[237010.71545000002,2506567.44355],[237010.71545000002,2505770.8484500004]]]}"
155,0.4192182130637276,41.307861434485076,0.07870480999255862,0.025361839079597073,0.08484926763558162,0.5058514621736777,0.4656888740420184,0.5161921570409196,3.5595472678001743,27.59145616885223,33.462785189341346,21.023100019959706,0.50090152191493,53.38845218400701,0.16146981756529993,0.10732240393380993,0.14706593340851992,0.2525534483447386,0.19990175243266683,0.23571710070931207,6.528209849718487,C156,22.758591878657064,120.38439822931471,231409.013,2519169.146,5830.951894845301,-3000,5000,0,62.40516216298094,63.456375334400995,NO,2022-12-31,"{""geodesic"":false,""crs"":{""type"":""name"",""properties"":{""name"":""EPSG:32651""}},""type"":""Polygon"",""coordinates"":[[[231010.71545000002,2518770.8484500004],[231807.31055,2518770.8484500004],[231807.31055,2519567.44355],[231010.71545000002,2519567.44355],[231010.71545000002,2518770.8484500004]]]}"
110,0.462191344197218,27.885609729420416,0.09037818583292923,0.04402727022082341,0.1102246458861229,0.48217741956079546,0.4223496911356522,0.49886311473129646,3.1935308308298804,24.48300867532982,26.116360897181945,20.877966985670437,0.4579283907814395,66.81070388907168,0.1497964417249293,0.0886569727925836,0.12169055515797865,0.27622749095762084,0.24324093533903307,0.2530461430189352,6.894226286688781,C111,22.75827173313041,120.36493755774148,229409.013,2519169.146,7071.067811865475,-5000,5000,0,62.9539912678234,63.456375334400995,NO,2022-12-31,"{""geodesic"":false,""crs"":{""type"":""name"",""properties"":{""name"":""EPSG:32651""}},""type"":""Polygon"",""coordinates"":[[[229010.71545000002,2518770.8484500004],[229807.31055,2518770.8484500004],[229807.31055,2519567.44355],[229010.71545000002,2519567.44355],[229010.71545000002,2518770.8484500004]]]}"
323,0.4411552605348804,21.294710946957437,0.11454234605892008,-0.02118060107258281,0.09596417654877383,0.5258076580446476,0.4031666861368122,0.529807535766582,2.966797828331591,24.059829434821324,31.44308757454729,18.600226044280674,0.4789644744437771,73.40160267153465,0.12563228149893846,0.15386484408598983,0.1359510244953277,0.23259725247376872,0.26242394033787303,0.22210172198364964,7.12095928918707,C324,22.687649886963328,120.46357652133992,239409.013,2511169.146,5830.951894845301,5000,-3000,0,63.0423937942638,63.456375334400995,NO,2022-12-31,"{""geodesic"":false,""crs"":{""type"":""name"",""properties"":{""name"":""EPSG:32651""}},""type"":""Polygon"",""coordinates"":[[[239010.71545000002,2510770.8484500004],[239807.31055,2510770.8484500004],[239807.31055,2511567.44355],[239010.71545000002,2511567.44355],[239010.71545000002,2510770.8484500004]]]}"
131,0.3984163305560821,35.744220823881314,0.1099768589924463,0.10353741840358308,0.12936990908739587,0.4778411338600599,0.4736130494087274,0.5042032138770708,2.6319631840024513,23.813275559595517,29.523600246436434,18.284734224945552,0.5217034044225755,58.95209279461077,0.13019776856541224,0.02914682460982393,0.10254529195670567,0.2805637766583564,0.19197757706595786,0.24770604387316086,7.45579393351621,C132,22.749407902468327,120.37484040449739,230409.013,2518169.146,5656.85424949238,-4000,4000,0,63.37931307476507,63.456375334400995,NO,2022-12-31,"{""geodesic"":false,""crs"":{""type"":""name"",""properties"":{""name"":""EPSG:32651""}},""type"":""Polygon"",""coordinates"":[[[230010.71545000002,2517770.8484500004],[230807.31055,2517770.8484500004],[230807.31055,2518567.44355],[230010.71545000002,2518567.44355],[230010.71545000002,2517770.8484500004]]]}"
203,0.3728952020896426,105.80807184475721,0.12855970444933632,-0.0445204664785853,0.07862817302013894,0.5493864223822105,0.41799870710656684,0.5406904379420416,10.756853489932627,30.055135524607405,30.31259180345394,19.26380813549306,0.5472245328890148,11.111758226265124,0.11161492310852222,0.1772047094919923,0.1532870280239626,0.20901848813620583,0.24759191936811842,0.21121881980819002,0.669096372413966,C204,22.804031532920785,120.40300474467114,233409.013,2524169.146,10049.875621120891,-1000,10000,0,63.89542965581532,63.456375334400995,NO,2022-12-31,"{""geodesic"":false,""crs"":{""type"":""name"",""properties"":{""name"":""EPSG:32651""}},""type"":""Polygon"",""coordinates"":[[[233010.71545000002,2523770.8484500004],[233807.31055,2523770.8484500004],[233807.31055,2524567.44355],[233010.71545000002,2524567.44355],[233010.71545000002,2523770.8484500004]]]}"
88,0.46809457277445493,24.92220319638227,0.1290451444052342,0.07946211420363729,0.13413545191110723,0.4533240093410829,0.4084911645055927,0.48445273640882386,2.8736473496755774,27.089180586392715,26.884525235946818,20.59057745106336,0.4520251622042026,69.77411042210981,0.11112948315262433,0.05322212880976972,0.09777974913299431,0.3050809011773334,0.25709946196909256,0.2674565213414078,7.214109767843084,C089,22.749086714722978,120.35538118366028,228409.013,2518169.146,7211.102550927979,-6000,4000,0,64.46505849875159,63.456375334400995,NO,2022-12-31,"{""geodesic"":false,""crs"":{""type"":""name"",""properties"":{""name"":""EPSG:32651""}},""type"":""Polygon"",""coordinates"":[[[228010.71545000002,2517770.8484500004],[228807.31055,2517770.8484500004],[228807.31055,2518567.44355],[228010.71545000002,2518567.44355],[228010.71545000002,2517770.8484500004]]]}"
187,0.44228239221339816,15.117734588915159,0.14551389325652478,0.1384594778904246,0.16317621237243993,0.4301083208079365,0.4427494590850974,0.4843691153354841,3.1004636103611127,25.95361828425101,31.494771258389363,18.869627199961382,0.47783734276525935,79.57857902957693,0.09466073430133376,0.005775234877017588,0.06873898867166162,0.3282965897104798,0.22284116738958787,0.26754014241474755,6.987293507157549,C188,22.632566888342968,120.4062403672725,233409.013,2505169.146,9055.385138137417,-1000,-9000,0,64.9371950734896,63.456375334400995,NO,2022-12-31,"{""geodesic"":false,""crs"":{""type"":""name"",""properties"":{""name"":""EPSG:32651""}},""type"":""Polygon"",""coordinates"":[[[233010.71545000002,2504770.8484500004],[233807.31055,2504770.8484500004],[233807.31055,2505567.44355],[233010.71545000002,2505567.44355],[233010.71545000002,2504770.8484500004]]]}"
149,0.4296129194723256,48.34702369880876,0.08318777024943545,0.01505664482946236,0.10014631795824801,0.4767344496070465,0.41670114922830065,0.5105572901839835,5.631317932491355,24.53529732732604,26.066362349352655,19.28823302667253,0.4905068155063319,46.34928991968332,0.1569868573084231,0.11762759818394465,0.13176888308585355,0.2816704609113698,0.2488894772463846,0.2413519675662481,4.456439185027306,C150,22.704446089648957,120.3854284245214,231409.013,2513169.146,3162.2776601683795,-3000,-1000,0,65.58583973781857,63.456375334400995,NO,2022-12-31,"{""geodesic"":false,""crs"":{""type"":""name"",""properties"":{""name"":""EPSG:32651""}},""type"":""Polygon"",""coordinates"":[[[231010.71545000002,2512770.8484500004],[231807.31055,2512770.8484500004],[231807.31055,2513567.44355],[231010.71545000002,2513567.44355],[231010.71545000002,2512770.8484500004]]]}"
120,0.4125444070725043,14.081102809363342,0.12873373687001943,0.12636427751841015,0.13647151089534773,0.44803879747550795,0.44693919034819374,0.4875512907313324,3.872737195681937,24.70116983167799,29.055206588282402,18.484903294697343,0.5075753279061532,80.61521080912874,0.1114408906878391,0.00631996549499686,0.09544369014875381,0.31036611304290834,0.21865143612649152,0.26435796701889924,6.215019921836724,C121,22.650140956339435,120.37673273997352,230409.013,2507169.146,8062.25774829855,-4000,-7000,0,66.14358613312542,63.456375334400995,NO,2022-12-31,"{""geodesic"":false,""crs"":{""type"":""name"",""properties"":{""name"":""EPSG:32651""}},""type"":""Polygon"",""coordinates"":[[[230010.71545000002,2506770.8484500004],[230807.31055,2506770.8484500004],[230807.31055,2507567.44355],[230010.71545000002,2507567.44355],[230010.71545000002,2506770.8484500004]]]}"
379,0.4348967135831108,25.123818875377168,0.08163579987343869,0.027944209018465158,0.09777199270999165,0.46412285162291744,0.4303441689170493,0.5244367528663886,2.9754228097923248,27.071740942625645,27.113226062201072,20.383082643346217,0.4852230213955467,69.57249474311492,0.15853882768441985,0.10474003399494185,0.1341432083341099,0.29428205889549885,0.23524645755763596,0.22747250488384307,7.112334307726337,C380,22.66103445312558,120.49324739102057,242409.013,2508169.146,10000,8000,-6000,0,66.28278544658274,63.456375334400995,NO,2022-12-31,"{""geodesic"":false,""crs"":{""type"":""name"",""properties"":{""name"":""EPSG:32651""}},""type"":""Polygon"",""coordinates"":[[[242010.71545000002,2507770.8484500004],[242807.31055,2507770.8484500004],[242807.31055,2508567.44355],[242010.71545000002,2508567.44355],[242010.71545000002,2507770.8484500004]]]}"
20,0.4209787383664126,17.35749848448987,0.11051852128656756,0.04339420396714157,0.12430795307097972,0.47693141517916166,0.412600742362447,0.4927659869859236,3.382311537578808,24.861028495297692,25.54813637057416,25.132281632140995,0.4991409966122449,77.33881513400222,0.12965610627129098,0.08929003904626544,0.10760724797312182,0.28147349533925464,0.2529898841122383,0.25914327076430804,6.705445579939854,C021,22.748437241334518,120.31646380176272,224409.013,2518169.146,10770.329614269009,-10000,4000,0,67.34226146056527,63.456375334400995,NO,2022-12-31,"{""geodesic"":false,""crs"":{""type"":""name"",""properties"":{""name"":""EPSG:32651""}},""type"":""Polygon"",""coordinates"":[[[224010.71545000002,2517770.8484500004],[224807.31055,2517770.8484500004],[224807.31055,2518567.44355],[224010.71545000002,2518567.44355],[224010.71545000002,2517770.8484500004]]]}"
411,0.430003207134545,29.604549187494957,0.11089014116029754,0.1098019750916355,0.11647065314819094,0.45495098975125514,0.4404679763533996,0.4624458828025425,2.932910360645704,30.232646405073982,34.42862148211629,20.84618422052726,0.4901165278441125,65.09176443099713,0.12928448639756102,0.022882267921771504,0.1154445478959106,0.30345392076716116,0.22512265012128563,0.28946337494768914,7.154846756872957,C412,22.67938826812702,120.51237060659747,244409.013,2510169.146,10770.329614269009,10000,-4000,0,68.14899637200438,63.456375334400995,NO,2022-12-31,"{""geodesic"":false,""crs"":{""type"":""name"",""properties"":{""name"":""EPSG:32651""}},""type"":""Polygon"",""coordinates"":[[[244010.71545000002,2509770.8484500004],[244807.31055,2509770.8484500004],[244807.31055,2510567.44355],[244010.71545000002,2510567.44355],[244010.71545000002,2509770.8484500004]]]}"
252,0.49779068565205453,12.625011200253125,0.2695693028679182,0.2926083078682233,0.3290113198479684,0.4978992616355429,0.5775939596212859,0.31411679762095157,1.9651972349513798,24.471741684159575,29.87552239525365,14.215422543364408,0.422329049326603,82.07130241823896,0.029394675310059654,0.15992406485481628,0.09709611880386684,0.2605056488828734,0.08799666685339935,0.4377924601292801,8.122559882567282,C253,22.66011047053677,120.43490273363999,236409.013,2508169.146,6324.555320336759,2000,-6000,0,70.52217856883438,63.456375334400995,NO,2022-12-31,"{""geodesic"":false,""crs"":{""type"":""name"",""properties"":{""name"":""EPSG:32651""}},""type"":""Polygon"",""coordinates"":[[[236010.71545000002,2507770.8484500004],[236807.31055,2507770.8484500004],[236807.31055,2508567.44355],[236010.71545000002,2508567.44355],[236010.71545000002,2507770.8484500004]]]}"
420,0.3682414583007618,38.215581235976465,0.1190666822817123,0.10405141449560708,0.11889607786948861,0.4849669909253167,0.468820052458563,0.45149282119279255,2.4563701788272967,24.88229692627972,26.396542721318497,18.15501088510114,0.5518782766778957,56.48073238251562,0.12110794527614624,0.028632828517799927,0.11301912317461293,0.2734379195930996,0.19677057401612225,0.3004164365574391,7.631386938691365,C421,22.760615113383125,120.51090097681013,244409.013,2519169.146,11180.339887498949,10000,5000,0,70.91354236213792,63.456375334400995,NO,2022-12-31,"{""geodesic"":false,""crs"":{""type"":""name"",""properties"":{""name"":""EPSG:32651""}},""type"":""Polygon"",""coordinates"":[[[244010.71545000002,2518770.8484500004],[244807.31055,2518770.8484500004],[244807.31055,2519567.44355],[244010.71545000002,2519567.44355],[244010.71545000002,2518770.8484500004]]]}"
157,0.3652611095696811,67.6537994039303,0.08125920849195735,0.008150430036574174,0.07601732540112523,0.5025264095118559,0.4389927013154051,0.5031825844760948,4.01114321662801,26.976193668906266,30.744684900575656,20.23308329218846,0.5548586254089765,27.04251421456179,0.15891541906590118,0.12453381297683283,0.1558978756429763,0.2558785010065604,0.22659792515928018,0.2487266732741369,6.076613900890651,C158,22.776640383639492,120.38405413393295,231409.013,2521169.146,7615.773105863908,-3000,7000,0,71.31094415553243,63.456375334400995,NO,2022-12-31,"{""geodesic"":false,""crs"":{""type"":""name"",""properties"":{""name"":""EPSG:32651""}},""type"":""Polygon"",""coordinates"":[[[231010.71545000002,2520770.8484500004],[231807.31055,2520770.8484500004],[231807.31055,2521567.44355],[231010.71545000002,2521567.44355],[231010.71545000002,2520770.8484500004]]]}"
358,0.43131572231281906,19.64418850535788,0.1159333951464428,0.12003982794798178,0.1309546791713973,0.43211830758055186,0.43057841639000605,0.4547222499924846,2.624031687000448,28.17448356791551,29.484358885153032,23.861085346237655,0.48880401266583845,75.0521251131342,0.12424123241141574,0.012644415065425227,0.10096052187270424,0.32628660293786443,0.2350122100846792,0.29718700775774703,7.463725430518213,C359,22.63380664676026,120.48401666937409,241409.013,2505169.146,11401.75425099138,7000,-9000,0,71.47018218567102,63.456375334400995,NO,2022-12-31,"{""geodesic"":false,""crs"":{""type"":""name"",""properties"":{""name"":""EPSG:32651""}},""type"":""Polygon"",""coordinates"":[[[241010.71545000002,2504770.8484500004],[241807.31055,2504770.8484500004],[241807.31055,2505567.44355],[241010.71545000002,2505567.44355],[241010.71545000002,2504770.8484500004]]]}"
417,0.3538235655797222,33.83570572717598,0.16289377102064942,0.11200081807239108,0.13302778280184857,0.49687833398131387,0.4340250682432986,0.4510571984051578,2.9630928759738895,24.338169782860284,26.531698415650798,20.714314757700674,0.5662961693989352,60.86060789131611,0.07728085653720912,0.020683424941015924,0.09888741824225297,0.26152657653710243,0.23156555823138664,0.30085205934507386,7.124664241544772,C418,22.733539599960917,120.51139159913822,244409.013,2516169.146,10198.03902718557,10000,2000,0,71.63605022945384,63.456375334400995,NO,2022-12-31,"{""geodesic"":false,""crs"":{""type"":""name"",""properties"":{""name"":""EPSG:32651""}},""type"":""Polygon"",""coordinates"":[[[244010.71545000002,2515770.8484500004],[244807.31055,2515770.8484500004],[244807.31055,2516567.44355],[244010.71545000002,2516567.44355],[244010.71545000002,2515770.8484500004]]]}"
428,0.41143828552395884,35.88377319688282,0.10227999937701611,0.05805984426339792,0.10866900830654974,0.4705768139598158,0.4195395797121747,0.46171102476572257,2.3010811486626572,25.51053812504362,26.00884279293836,21.589204995220168,0.5086814494546987,58.81254042160926,0.13789462818084242,0.07462439875000909,0.1232461927375518,0.2878280965586005,0.24605104676251055,0.2901982329845091,7.786675968856004,C429,22.733690889306068,120.52112125608207,245409.013,2516169.146,11180.339887498949,11000,2000,0,72.05738548027804,63.456375334400995,NO,2022-12-31,"{""geodesic"":false,""crs"":{""type"":""name"",""properties"":{""name"":""EPSG:32651""}},""type"":""Polygon"",""coordinates"":[[[245010.71545000002,2515770.8484500004],[245807.31055,2515770.8484500004],[245807.31055,2516567.44355],[245010.71545000002,2516567.44355],[245010.71545000002,2515770.8484500004]]]}"
67,0.3816292367081573,19.41422645336028,0.08603035057886822,0.04841767152123215,0.09474258562228645,0.4765712389281661,0.4374298335264019,0.4936830873780161,2.683655775147633,30.652449812052037,29.687890811590385,26.6233285360203,0.5384904982705002,75.2820871651318,0.1541442769789903,0.08426657149217485,0.13717261542181508,0.2818336715902502,0.22816079294828334,0.25822617037221557,7.404101342371028,C068,22.739901235252667,120.34582608465897,227409.013,2517169.146,7615.773105863908,-7000,3000,0,72.15696427463918,63.456375334400995,NO,2022-12-31,"{""geodesic"":false,""crs"":{""type"":""name"",""properties"":{""name"":""EPSG:32651""}},""type"":""Polygon"",""coordinates"":[[[227010.71545000002,2516770.8484500004],[227807.31055,2516770.8484500004],[227807.31055,2517567.44355],[227010.71545000002,2517567.44355],[227010.71545000002,2516770.8484500004]]]}"
205,0.40406311195865646,11.053348427669846,0.12570970372604018,0.12133018958461511,0.12765995512226455,0.4445458210298424,0.4302293473318112,0.4539242772449622,3.0093539109755207,22.96301537385363,24.696163241294535,22.008114853729317,0.516056623020001,83.64296519082224,0.11446492383181836,0.011354053428791894,0.10425524592183699,0.3138590894885739,0.23536127914287408,0.29798498050526945,7.078403206543141,C206,22.60564996877403,120.41646824800044,234409.013,2502169.146,12000,0,-12000,0,72.69384597337826,63.456375334400995,NO,2022-12-31,"{""geodesic"":false,""crs"":{""type"":""name"",""properties"":{""name"":""EPSG:32651""}},""type"":""Polygon"",""coordinates"":[[[234010.71545000002,2501770.8484500004],[234807.31055,2501770.8484500004],[234807.31055,2502567.44355],[234010.71545000002,2502567.44355],[234010.71545000002,2501770.8484500004]]]}"
210,0.39798871261664504,22.948339180122957,0.15023622147025265,0.11258964654471268,0.15135958223363957,0.4438659706688634,0.40658501894001,0.4641562517974584,2.7975315313823925,22.381332623108555,29.100031082633464,21.307087149401227,0.5221310223620125,71.74797443836913,0.0899384060876059,0.020094596468694326,0.08055561881046197,0.3145389398495529,0.2590056075346753,0.28775300595277326,7.290225586136269,C211,22.650773159412605,120.41562425030466,234409.013,2507169.146,7000,0,-7000,0,72.71807034323041,63.456375334400995,NO,2022-12-31,"{""geodesic"":false,""crs"":{""type"":""name"",""properties"":{""name"":""EPSG:32651""}},""type"":""Polygon"",""coordinates"":[[[234010.71545000002,2506770.8484500004],[234807.31055,2506770.8484500004],[234807.31055,2507567.44355],[234010.71545000002,2507567.44355],[234010.71545000002,2506770.8484500004]]]}"
418,0.3933368226627625,33.8023496740649,0.1365185895117313,0.10025215285560442,0.14216151226656107,0.4420795554274035,0.4146506338886833,0.4668580091484061,3.0806655945660104,20.922021187858114,25.761392897463747,16.86161492510199,0.526782912315895,60.893963944427185,0.10365603804612725,0.03243209015780259,0.08975368877754047,0.3163253550910128,0.25093999258600197,0.28505124860182557,7.007091522952651,C419,22.742564782406376,120.51122814127795,244409.013,2517169.146,10440.30650891055,10000,3000,0,72.74965830014779,63.456375334400995,NO,2022-12-31,"{""geodesic"":false,""crs"":{""type"":""name"",""properties"":{""name"":""EPSG:32651""}},""type"":""Polygon"",""coordinates"":[[[244010.71545000002,2516770.8484500004],[244807.31055,2516770.8484500004],[244807.31055,2517567.44355],[244010.71545000002,2517567.44355],[244010.71545000002,2516770.8484500004]]]}"
4,0.3878908733849234,33.38293680832638,0.08729101264576813,0.03414233099972078,0.09470533638576903,0.4706786593741841,0.4070052393739071,0.4609784210886187,9.055566354578334,33.14802810661029,36.12208801143436,24.540698166619052,0.5322288615937341,61.31337681016571,0.1528836149120904,0.09854191201368623,0.13720986465833251,0.28772625114423217,0.25858538710077816,0.29093083666161296,1.0321907629403277,C005,22.70315472232263,120.30761842550804,223409.013,2513169.146,11045.36101718726,-11000,-1000,0,73.78104584157487,63.456375334400995,NO,2022-12-31,"{""geodesic"":false,""crs"":{""type"":""name"",""properties"":{""name"":""EPSG:32651""}},""type"":""Polygon"",""coordinates"":[[[223010.71545000002,2512770.8484500004],[223807.31055,2512770.8484500004],[223807.31055,2513567.44355],[223010.71545000002,2513567.44355],[223010.71545000002,2512770.8484500004]]]}"
365,0.356063616201776,24.47940420214957,0.11472070472205212,0.009099675039848789,0.07475679841808187,0.5270472609663864,0.4104906331172328,0.48556055441222756,3.1883244709608474,26.529616558948547,29.348687824691453,17.679011559897077,0.5640561187768816,70.21690941634252,0.12545392283580642,0.12358456797355821,0.15715840262601966,0.23135764955202986,0.2550999933574525,0.2663487033380041,6.899432646557814,C366,22.69698214696725,120.48286376910266,241409.013,2512169.146,7280.1098892805185,7000,-2000,0,73.98861494108836,63.456375334400995,NO,2022-12-31,"{""geodesic"":false,""crs"":{""type"":""name"",""properties"":{""name"":""EPSG:32651""}},""type"":""Polygon"",""coordinates"":[[[241010.71545000002,2511770.8484500004],[241807.31055,2511770.8484500004],[241807.31055,2512567.44355],[241010.71545000002,2512567.44355],[241010.71545000002,2511770.8484500004]]]}"
349,0.3928795433633632,26.98276922164265,0.10943614872568823,0.08391578173083857,0.12714079286005658,0.46331069918217005,0.4168405682064537,0.4521245511338843,2.3774733592866646,20.4945098676547,25.51909110177738,15.606838673716952,0.5272401916152942,67.71354439684944,0.13073847883217032,0.04876846128256844,0.10477440818404496,0.29509421133624625,0.24875005826823154,0.2997847066163474,7.710283758231997,C350,22.732928529541205,120.47247380342564,240409.013,2516169.146,6324.555320336759,6000,2000,0,74.40336059101206,63.456375334400995,NO,2022-12-31,"{""geodesic"":false,""crs"":{""type"":""name"",""properties"":{""name"":""EPSG:32651""}},""type"":""Polygon"",""coordinates"":[[[240010.71545000002,2515770.8484500004],[240807.31055,2515770.8484500004],[240807.31055,2516567.44355],[240010.71545000002,2516567.44355],[240010.71545000002,2515770.8484500004]]]}"
52,0.36299016169766785,23.6148416794014,0.10854898122295623,0.02258065793523201,0.07662736927779115,0.48310057152285485,0.39730536844994907,0.5284524507067972,2.8153915678430113,29.368547959020326,26.254904165999765,20.894367863893873,0.5571295732809897,71.08147193909068,0.1316256463349023,0.110103585078175,0.1552878317663104,0.27530433899556145,0.2682852580247362,0.2234568070434344,7.27236554967565,C053,22.766810980545916,120.33557201542149,226409.013,2520169.146,10000,-8000,6000,0,74.50315689959112,63.456375334400995,NO,2022-12-31,"{""geodesic"":false,""crs"":{""type"":""name"",""properties"":{""name"":""EPSG:32651""}},""type"":""Polygon"",""coordinates"":[[[226010.71545000002,2519770.8484500004],[226807.31055,2519770.8484500004],[226807.31055,2520567.44355],[226010.71545000002,2520567.44355],[226010.71545000002,2519770.8484500004]]]}"
406,0.37386372906999454,38.486756511749846,0.10913328999923841,0.08629965087354799,0.11032436922862027,0.45663665882387033,0.43063005315836894,0.4642619041776403,2.495014301526027,22.370962888077106,26.171872750293957,14.968209135655389,0.546256005908663,56.20955710674224,0.13104133755862013,0.046384592139859016,0.12159083181548128,0.30176825169454596,0.2349605733163163,0.28764735357259136,7.592742815992635,C407,22.76046303199297,120.5011694894478,243409.013,2519169.146,10295.630140987001,9000,5000,0,75.11674431139589,63.456375334400995,NO,2022-12-31,"{""geodesic"":false,""crs"":{""type"":""name"",""properties"":{""name"":""EPSG:32651""}},""type"":""Polygon"",""coordinates"":[[[243010.71545000002,2518770.8484500004],[243807.31055,2518770.8484500004],[243807.31055,2519567.44355],[243010.71545000002,2519567.44355],[243010.71545000002,2518770.8484500004]]]}"
330,0.38759576805812546,28.244737734873155,0.19484584531676427,0.1773391467454657,0.19690930391690917,0.44844482508675265,0.39816012278070734,0.43504132494000064,2.6621975250220693,19.197533534330216,21.56076098690753,15.392100754396633,0.532523966920532,66.45157588361893,0.04532878224109427,0.04465490373205869,0.035005897127192376,0.30996008543166365,0.2674305036939779,0.316867932810231,7.425559592496592,C331,22.750823963135513,120.46241118993146,239409.013,2518169.146,6403.1242374328485,5000,4000,0,75.2884235139519,63.456375334400995,NO,2022-12-31,"{""geodesic"":false,""crs"":{""type"":""name"",""properties"":{""name"":""EPSG:32651""}},""type"":""Polygon"",""coordinates"":[[[239010.71545000002,2517770.8484500004],[239807.31055,2517770.8484500004],[239807.31055,2518567.44355],[239010.71545000002,2518567.44355],[239010.71545000002,2517770.8484500004]]]}"
318,0.38306595883126815,16.347087965088548,0.11180754184443543,0.11100503772641701,0.12539610556621,0.4454128523975102,0.43047858335920225,0.45236477955256105,2.5073030456721948,25.73019656212478,25.28496039281524,19.861053831042636,0.5370537761473894,78.34922565340354,0.1283670857134231,0.021679205286989994,0.10651909547789154,0.3129920581209061,0.235112043115483,0.2995444781976706,7.580454071846466,C319,22.642525207058895,120.46440636919597,239409.013,2506169.146,9433.981132056604,5000,-8000,0,75.91028328217743,63.456375334400995,NO,2022-12-31,"{""geodesic"":false,""crs"":{""type"":""name"",""properties"":{""name"":""EPSG:32651""}},""type"":""Polygon"",""coordinates"":[[[239010.71545000002,2505770.8484500004],[239807.31055,2505770.8484500004],[239807.31055,2506567.44355],[239010.71545000002,2506567.44355],[239010.71545000002,2505770.8484500004]]]}"
368,0.39959845933952803,27.327903244643803,0.09010485081017451,0.05913972603671065,0.09930761963923165,0.4487214109041255,0.41085455217789935,0.46959004176666147,2.302256149187608,25.023195183489506,27.940554926968154,18.66222693782915,0.5205212756391295,67.36841037384828,0.150069776747684,0.07354451697669635,0.1326075814048699,0.3096834996142908,0.2547360742967859,0.2823192159835702,7.785500968331053,C369,22.724057191765795,120.48236841316633,241409.013,2515169.146,7071.067811865475,7000,1000,0,76.37898974206384,63.456375334400995,NO,2022-12-31,"{""geodesic"":false,""crs"":{""type"":""name"",""properties"":{""name"":""EPSG:32651""}},""type"":""Polygon"",""coordinates"":[[[241010.71545000002,2514770.8484500004],[241807.31055,2514770.8484500004],[241807.31055,2515567.44355],[241010.71545000002,2515567.44355],[241010.71545000002,2514770.8484500004]]]}"
338,0.383012815561338,18.22454638202469,0.11786220665191008,0.12072137687128778,0.13073003187959603,0.43663007589416436,0.42890130044669594,0.4516056316220573,2.4252990774252576,24.322291686106155,23.76104190470419,22.241496613352428,0.5371069194173195,76.4717672364674,0.12231242090594846,0.011962866142119222,0.10118516916450551,0.32177483462425194,0.2366893260279893,0.30030362612817435,7.662458040093403,C339,22.633653736145273,120.47429433569245,240409.013,2505169.146,10816.653826391968,6000,-9000,0,76.53963077074437,63.456375334400995,NO,2022-12-31,"{""geodesic"":false,""crs"":{""type"":""name"",""properties"":{""name"":""EPSG:32651""}},""type"":""Polygon"",""coordinates"":[[[240010.71545000002,2504770.8484500004],[240807.31055,2504770.8484500004],[240807.31055,2505567.44355],[240010.71545000002,2505567.44355],[240010.71545000002,2504770.8484500004]]]}"
350,0.37693532649433026,29.01390994193166,0.10465243233680292,0.04138495263387221,0.08547573826728684,0.4836938186041789,0.4106843599277408,0.45540693568763857,2.6753262932449178,24.00672633131613,28.88739868019306,17.068070967275467,0.5431844084843273,65.68240367656043,0.13552219522105563,0.0912992903795348,0.1464394627768147,0.27471109191423737,0.2549062665469444,0.2965023220625931,7.412430824273743,C351,22.741953442831615,120.47230779593501,240409.013,2517169.146,6708.203932499369,6000,3000,0,76.90955299567737,63.456375334400995,NO,2022-12-31,"{""geodesic"":false,""crs"":{""type"":""name"",""properties"":{""name"":""EPSG:32651""}},""type"":""Polygon"",""coordinates"":[[[240010.71545000002,2516770.8484500004],[240807.31055,2516770.8484500004],[240807.31055,2517567.44355],[240010.71545000002,2517567.44355],[240010.71545000002,2516770.8484500004]]]}"
274,0.32151740102220466,17.432826597835838,0.13654632258946584,0.05133204876559881,0.0962235426109601,0.5246184978836753,0.43953340599797835,0.44305257010406707,2.9457689845407597,27.365348857759567,28.618082182977236,25.239543289209998,0.5986023339564528,77.26348702065624,0.1036283049683927,0.0813521942478082,0.13569165843314146,0.23378641263474098,0.2260572204767069,0.3088566876461646,7.141988132977902,C275,22.65124112965682,120.44479378597629,237409.013,2507169.146,7615.773105863908,3000,-7000,0,77.10043905867576,63.456375334400995,NO,2022-12-31,"{""geodesic"":false,""crs"":{""type"":""name"",""properties"":{""name"":""EPSG:32651""}},""type"":""Polygon"",""coordinates"":[[[237010.71545000002,2506770.8484500004],[237807.31055,2506770.8484500004],[237807.31055,2507567.44355],[237010.71545000002,2507567.44355],[237010.71545000002,2506770.8484500004]]]}"
348,0.3923386245221234,24.794175497615722,0.1340179617051974,0.04915744652545142,0.10630905655054247,0.4693197710379531,0.3798020689140305,0.4528082580374678,2.5747843366979146,21.07644594478373,27.00564369167755,16.579199069546764,0.5277811104565341,69.90213812087636,0.10615666585266115,0.08352679648795558,0.12560614449355906,0.2890851394804632,0.28578855756065474,0.2991009997127638,7.512972780820746,C349,22.723903604916902,120.47263972674136,240409.013,2515169.146,6082.76253029822,6000,1000,0,77.36576352437073,63.456375334400995,NO,2022-12-31,"{""geodesic"":false,""crs"":{""type"":""name"",""properties"":{""name"":""EPSG:32651""}},""type"":""Polygon"",""coordinates"":[[[240010.71545000002,2514770.8484500004],[240807.31055,2514770.8484500004],[240807.31055,2515567.44355],[240010.71545000002,2515567.44355],[240010.71545000002,2514770.8484500004]]]}"
156,0.36211453363381924,47.35046874217922,0.06803784702181512,0.037498988463923084,0.08890258355321906,0.4664322248585707,0.43105537867975313,0.4714080368705627,2.8973752021522703,24.584190371551795,31.0347927752342,18.720388539097684,0.5580052013448382,47.34584487631287,0.17213678053604342,0.09518525454948393,0.14301261749088248,0.2919726856598456,0.23453524779493212,0.28050122087966894,7.190381915366391,C157,22.767616136862355,120.38422622521483,231409.013,2520169.146,6708.203932499369,-3000,6000,0,78.21679168087182,63.456375334400995,NO,2022-12-31,"{""geodesic"":false,""crs"":{""type"":""name"",""properties"":{""name"":""EPSG:32651""}},""type"":""Polygon"",""coordinates"":[[[231010.71545000002,2519770.8484500004],[231807.31055,2519770.8484500004],[231807.31055,2520567.44355],[231010.71545000002,2520567.44355],[231010.71545000002,2519770.8484500004]]]}"
232,0.39010558826201064,25.208367964000974,0.1193541626054203,0.06774955140918142,0.10762491779310963,0.4449122265650746,0.3890438735292518,0.45634822667730657,3.0931139386686866,25.70256206176113,30.582332828884187,16.049963942909294,0.5300141467166468,69.48794565449111,0.12082046495243824,0.06493469160422559,0.12429028325099191,0.3134926839533417,0.27654675294543346,0.2955610310729251,6.994643178849975,C233,22.6599544115466,120.42517892063046,235409.013,2508169.146,6082.76253029822,1000,-6000,0,78.31620646722274,63.456375334400995,NO,2022-12-31,"{""geodesic"":false,""crs"":{""type"":""name"",""properties"":{""name"":""EPSG:32651""}},""type"":""Polygon"",""coordinates"":[[[235010.71545000002,2507770.8484500004],[235807.31055,2507770.8484500004],[235807.31055,2508567.44355],[235010.71545000002,2508567.44355],[235010.71545000002,2507770.8484500004]]]}"
73,0.4165598136772238,32.70725411813994,0.04181100941250026,0.018427933514772298,0.08698915370133493,0.4321562287468812,0.404940607784662,0.5019541428140656,2.2862040766314786,27.015493734964654,27.609565047053454,24.63104543317018,0.5035599213014337,61.98905950035214,0.19836361814535827,0.1142563094986347,0.1449260473427666,0.3262486817715351,0.26065001869002324,0.24995511493616607,7.801553040887183,C074,22.794045053294273,120.34477848122867,227409.013,2523169.146,11401.75425099138,-7000,9000,0,78.32259519433687,63.456375334400995,NO,2022-12-31,"{""geodesic"":false,""crs"":{""type"":""name"",""properties"":{""name"":""EPSG:32651""}},""type"":""Polygon"",""coordinates"":[[[227010.71545000002,2522770.8484500004],[227807.31055,2522770.8484500004],[227807.31055,2523567.44355],[227010.71545000002,2523567.44355],[227010.71545000002,2522770.8484500004]]]}"
431,0.40577420166140704,37.26076290253702,0.09162379637069012,0.01946415376750943,0.09929241049997442,0.44459432905672885,0.3887239947337386,0.4725230003355865,2.3277277115261135,26.48614227442076,27.515906831196567,20.614820669271435,0.5143455333172504,57.43555071595507,0.14855083118716841,0.11322008924589758,0.13262279054412712,0.31381058146168744,0.27686663174094667,0.2793862574146452,7.760029405992547,C432,22.715790922539373,120.53117511469578,246409.013,2514169.146,12000,12000,0,0,78.56519659149373,63.456375334400995,NO,2022-12-31,"{""geodesic"":false,""crs"":{""type"":""name"",""properties"":{""name"":""EPSG:32651""}},""type"":""Polygon"",""coordinates"":[[[246010.71545000002,2513770.8484500004],[246807.31055,2513770.8484500004],[246807.31055,2514567.44355],[246010.71545000002,2514567.44355],[246010.71545000002,2513770.8484500004]]]}"
71,0.4347360478833224,27.193186909206002,0.10096856921971088,0.056141331232997235,0.10760713486810869,0.4316927388075009,0.3748847509573103,0.4407466563331621,2.899415744539108,28.216606406730147,26.157380086228088,23.3479938724574,0.48538368709533514,67.50312670928608,0.13920605833814764,0.07654291178040977,0.12430806617599285,0.3267121717109154,0.290705875517375,0.31116260141706953,7.188341372979553,C072,22.77599715980888,120.34512803630358,227409.013,2521169.146,9899.494936611665,-7000,7000,0,78.96847205963435,63.456375334400995,NO,2022-12-31,"{""geodesic"":false,""crs"":{""type"":""name"",""properties"":{""name"":""EPSG:32651""}},""type"":""Polygon"",""coordinates"":[[[227010.71545000002,2520770.8484500004],[227807.31055,2520770.8484500004],[227807.31055,2521567.44355],[227010.71545000002,2521567.44355],[227010.71545000002,2520770.8484500004]]]}"
370,0.3662386985583965,31.57155525015338,0.09675957175719346,0.08037444773039731,0.1093400089658327,0.4409484177159834,0.42952608576363127,0.45789998794091236,2.166748867335099,22.370228769418134,25.206917647087902,17.188796409986733,0.553881036420261,63.1247583683387,0.14341505580066508,0.05230979528300969,0.12257519207826885,0.3174564928024329,0.23606454071105398,0.2940092698093193,7.921008250183562,C371,22.742107165030298,120.4820377567788,241409.013,2517169.146,7615.773105863908,7000,3000,0,79.25749920557055,63.456375334400995,NO,2022-12-31,"{""geodesic"":false,""crs"":{""type"":""name"",""properties"":{""name"":""EPSG:32651""}},""type"":""Polygon"",""coordinates"":[[[241010.71545000002,2516770.8484500004],[241807.31055,2516770.8484500004],[241807.31055,2517567.44355],[241010.71545000002,2517567.44355],[241010.71545000002,2516770.8484500004]]]}"
231,0.4176399815358035,21.0822812304768,0.11095279076041822,0.07419040889250128,0.11236302715014503,0.4242219088624936,0.39009638285654735,0.4290782766522211,3.264533054240636,25.99683550365916,27.984417280955494,19.641046872982017,0.502479753442854,73.61403238801529,0.12922183679744031,0.058493834120905724,0.11955217389395652,0.3341830016559227,0.2754942436181379,0.32283098109801056,6.823224063278025,C232,22.65092973829708,120.42534734340568,235409.013,2507169.146,7071.067811865475,1000,-7000,0,80.09170510207423,63.456375334400995,NO,2022-12-31,"{""geodesic"":false,""crs"":{""type"":""name"",""properties"":{""name"":""EPSG:32651""}},""type"":""Polygon"",""coordinates"":[[[235010.71545000002,2506770.8484500004],[235807.31055,2506770.8484500004],[235807.31055,2507567.44355],[235010.71545000002,2507567.44355],[235010.71545000002,2506770.8484500004]]]}"
111,0.3731479415943102,28.839134703976548,0.07772778194855243,0.026256004273965138,0.0840611240746332,0.446801232107105,0.3870559358836737,0.4818074878466927,2.43803025885354,29.44874547895985,30.52420397870067,21.454871785681796,0.5469717933843473,65.85717891451554,0.1624468456093061,0.10642823873944186,0.14785407696946834,0.3116036784113113,0.27853469059101155,0.27010176990353896,7.6497268586651215,C112,22.767295850458968,120.36476427749004,229409.013,2520169.146,7810.249675906654,-5000,6000,0,82.34785019511368,63.456375334400995,NO,2022-12-31,"{""geodesic"":false,""crs"":{""type"":""name"",""properties"":{""name"":""EPSG:32651""}},""type"":""Polygon"",""coordinates"":[[[229010.71545000002,2519770.8484500004],[229807.31055,2519770.8484500004],[229807.31055,2520567.44355],[229010.71545000002,2520567.44355],[229010.71545000002,2519770.8484500004]]]}"
394,0.3876597619552272,24.645556635586093,0.09370932687380693,0.08988665642802088,0.11027018342442203,0.41590391991887726,0.40872330839869375,0.43998786204902673,2.459895284322104,30.254813328084932,29.8102655495045,21.186406816674925,0.5324599730234303,70.050756982906,0.1464653006840516,0.04279758658538613,0.12164501761967951,0.34250099059953903,0.2568673180759915,0.3119213957012049,7.627861833196557,C395,22.65216117095253,120.50313514145545,243409.013,2507169.146,11401.75425099138,9000,-7000,0,82.65149389836459,63.456375334400995,NO,2022-12-31,"{""geodesic"":false,""crs"":{""type"":""name"",""properties"":{""name"":""EPSG:32651""}},""type"":""Polygon"",""coordinates"":[[[243010.71545000002,2506770.8484500004],[243807.31055,2506770.8484500004],[243807.31055,2507567.44355],[243010.71545000002,2507567.44355],[243010.71545000002,2506770.8484500004]]]}"
162,0.3797797273255901,12.553759670066801,0.11976635484467606,0.1044484570494791,0.12166719593103854,0.4033488081639269,0.40582462558039817,0.44206447164778573,3.3816189267299115,25.402622064220523,27.877661720840862,19.686198878182623,0.5403400076530673,82.14255394842529,0.12040827271318248,0.02823578596392791,0.110248005113063,0.3550561023544894,0.2597660008942871,0.3098447861024459,6.706138190788749,C163,22.6143602617461,120.39685875968068,232409.013,2503169.146,11180.339887498949,-2000,-11000,0,82.73782512125257,63.456375334400995,NO,2022-12-31,"{""geodesic"":false,""crs"":{""type"":""name"",""properties"":{""name"":""EPSG:32651""}},""type"":""Polygon"",""coordinates"":[[[232010.71545000002,2502770.8484500004],[232807.31055,2502770.8484500004],[232807.31055,2503567.44355],[232010.71545000002,2503567.44355],[232010.71545000002,2502770.8484500004]]]}"
277,0.2980527935130607,17.01602578560892,0.11647068429188294,0.05274809799605493,0.13349820755294417,0.5132133967194059,0.3961862733666698,0.45240481172574115,2.7724690939936507,23.599093351097174,25.436188218631404,15.09782810871134,0.6220669414655968,77.68028783288317,0.1237039432659756,0.07993614501735208,0.09841699349115737,0.24519151379901039,0.26940435310801547,0.2995044460244905,7.31528802352501,C278,22.67831552804398,120.44429206893716,237409.013,2510169.146,5000,3000,-4000,0,82.76701540959382,63.456375334400995,NO,2022-12-31,"{""geodesic"":false,""crs"":{""type"":""name"",""properties"":{""name"":""EPSG:32651""}},""type"":""Polygon"",""coordinates"":[[[237010.71545000002,2509770.8484500004],[237807.31055,2509770.8484500004],[237807.31055,2510567.44355],[237010.71545000002,2510567.44355],[237010.71545000002,2509770.8484500004]]]}"
107,0.34060881177209956,31.643941945303244,0.08002570014741561,0.018913654250711464,0.07407245149932991,0.4653894335323351,0.4092174775138458,0.4777379671168527,2.936547910867169,23.189839501145336,28.819383327967508,15.620220272674407,0.579510923206558,63.052371673188844,0.16014892741044293,0.11377058876269554,0.15784274954477162,0.2930154769860812,0.25637314896083946,0.274171290633379,7.151209206651492,C108,22.73119931250664,120.36545687178427,229409.013,2516169.146,5385.164807134504,-5000,2000,0,82.83957001808805,63.456375334400995,NO,2022-12-31,"{""geodesic"":false,""crs"":{""type"":""name"",""properties"":{""name"":""EPSG:32651""}},""type"":""Polygon"",""coordinates"":[[[229010.71545000002,2515770.8484500004],[229807.31055,2515770.8484500004],[229807.31055,2516567.44355],[229010.71545000002,2516567.44355],[229010.71545000002,2515770.8484500004]]]}"
367,0.34507072735772243,27.093100829467577,0.10926473673696052,0.09228308571942716,0.10485279037505014,0.4560123717772909,0.42487714818865807,0.4212635638306108,2.7449209521471447,23.157381940063004,25.055456238062007,13.37321821226369,0.5750490076209351,67.60321278902451,0.13090989082089802,0.04040115729397985,0.12706241066905138,0.30239253874112537,0.24071347828602718,0.33064569391962084,7.342836165371517,C368,22.715032188149394,120.48253361560657,241409.013,2514169.146,7000,7000,0,0,83.12939752884948,63.456375334400995,NO,2022-12-31,"{""geodesic"":false,""crs"":{""type"":""name"",""properties"":{""name"":""EPSG:32651""}},""type"":""Polygon"",""coordinates"":[[[241010.71545000002,2513770.8484500004],[241807.31055,2513770.8484500004],[241807.31055,2514567.44355],[241010.71545000002,2514567.44355],[241010.71545000002,2513770.8484500004]]]}"
206,0.3674282426818314,11.755836953976083,0.13158034658634668,0.1201423326684258,0.12443662348463783,0.4177587328116648,0.41456941588777685,0.42823537438669224,2.7479949366385306,23.60979059697811,27.241758004087046,21.890155950779356,0.5526914922968261,82.940476664516,0.10859428097151186,0.0125419103449812,0.10747857755946372,0.3406461777067515,0.2510212105869084,0.3236738833635394,7.339762180880131,C207,22.614674629582186,120.41629962008184,234409.013,2503169.146,11000,0,-11000,0,83.15517415696803,63.456375334400995,NO,2022-12-31,"{""geodesic"":false,""crs"":{""type"":""name"",""properties"":{""name"":""EPSG:32651""}},""type"":""Polygon"",""coordinates"":[[[234010.71545000002,2502770.8484500004],[234807.31055,2502770.8484500004],[234807.31055,2503567.44355],[234010.71545000002,2503567.44355],[234010.71545000002,2502770.8484500004]]]}"
18,0.3473301995282606,17.97847635773328,0.09812499913766078,0.047903020368817904,0.10070438474601773,0.4431167327616588,0.39672363279756456,0.4494809877347462,5.183102253330734,31.929211928563046,29.29592582682579,25.82166663473942,0.5727895354503969,76.71783726075881,0.14204962842019775,0.0847812226445891,0.13121081629808382,0.3152881777567575,0.2688669936771207,0.30242827001548545,4.904654864187927,C019,22.730389662746674,120.31681629513909,224409.013,2516169.146,10198.03902718557,-10000,2000,0,83.44315638337795,63.456375334400995,NO,2022-12-31,"{""geodesic"":false,""crs"":{""type"":""name"",""properties"":{""name"":""EPSG:32651""}},""type"":""Polygon"",""coordinates"":[[[224010.71545000002,2515770.8484500004],[224807.31055,2515770.8484500004],[224807.31055,2516567.44355],[224010.71545000002,2516567.44355],[224010.71545000002,2515770.8484500004]]]}"
386,0.35165519657757355,29.171644110644223,0.10781327043537837,0.06804140264074793,0.10776937869143,0.4532114855506071,0.39884997465107525,0.437653854773394,2.495109288867971,22.27088113395375,23.480494257128132,14.822276546453683,0.568464538401084,65.52466950784786,0.13236135712248015,0.06464284037265908,0.12414582235267155,0.3051934249678092,0.26674065182361,0.31425540297683763,7.592647828650691,C387,22.724210187612375,120.49209718341878,242409.013,2515169.146,8062.25774829855,8000,1000,0,83.58157132064585,63.456375334400995,NO,2022-12-31,"{""geodesic"":false,""crs"":{""type"":""name"",""properties"":{""name"":""EPSG:32651""}},""type"":""Polygon"",""coordinates"":[[[242010.71545000002,2514770.8484500004],[242807.31055,2514770.8484500004],[242807.31055,2515567.44355],[242010.71545000002,2515567.44355],[242010.71545000002,2514770.8484500004]]]}"
337,0.3712508504468049,16.96216508153474,0.1063832361773206,0.10828965638864593,0.1143899191442936,0.4191556373951056,0.40411606190376614,0.43623900118933157,2.4386495007815148,26.071465957100997,25.630548605390825,22.2338285338575,0.5488688845318526,77.73414853695735,0.13379139138053794,0.024394586624761072,0.11752528189980795,0.3392492731233107,0.2614745645709191,0.3156702565609001,7.649107616737147,C338,22.624628687098884,120.4744593347072,240409.013,2504169.146,11661.903789690601,6000,-10000,0,84.14020910706424,63.456375334400995,NO,2022-12-31,"{""geodesic"":false,""crs"":{""type"":""name"",""properties"":{""name"":""EPSG:32651""}},""type"":""Polygon"",""coordinates"":[[[240010.71545000002,2503770.8484500004],[240807.31055,2503770.8484500004],[240807.31055,2504567.44355],[240010.71545000002,2504567.44355],[240010.71545000002,2503770.8484500004]]]}"
351,0.35116825591821393,28.846051980297418,0.12976822886422265,0.07564123715695704,0.13111069433310732,0.4313028565292323,0.38649236798619896,0.43868306986115707,2.5439566114049863,19.966026619834633,23.6341166198161,16.694965663886055,0.5689514790604435,65.85026163819467,0.11040639869363589,0.05704300585644996,0.10080450671099422,0.327102053989184,0.2790982584884863,0.3132261878890746,7.543800506113675,C352,22.750978344784333,120.47214170424478,240409.013,2518169.146,7211.102550927979,6000,4000,0,84.91816130147718,63.456375334400995,NO,2022-12-31,"{""geodesic"":false,""crs"":{""type"":""name"",""properties"":{""name"":""EPSG:32651""}},""type"":""Polygon"",""coordinates"":[[[240010.71545000002,2517770.8484500004],[240807.31055,2517770.8484500004],[240807.31055,2518567.44355],[240010.71545000002,2518567.44355],[240010.71545000002,2517770.8484500004]]]}"
82,0.3317066961138053,20.566764322574695,0.11220072162022302,0.07056421691381053,0.10399286246359328,0.4504471879261907,0.4078950115709728,0.424560985632026,4.089604269193414,21.846538303011783,27.145483409103665,22.90629420237821,0.5884130388648522,74.12954929591739,0.12797390593763552,0.06212002609959648,0.12792233858050828,0.3079577225922256,0.25769561490371246,0.32734827211820566,5.9981528483252475,C083,22.69494212675606,120.35642231545293,228409.013,2512169.146,6324.555320336759,-6000,-2000,0,85.50512531313473,63.456375334400995,NO,2022-12-31,"{""geodesic"":false,""crs"":{""type"":""name"",""properties"":{""name"":""EPSG:32651""}},""type"":""Polygon"",""coordinates"":[[[228010.71545000002,2511770.8484500004],[228807.31055,2511770.8484500004],[228807.31055,2512567.44355],[228010.71545000002,2512567.44355],[228010.71545000002,2511770.8484500004]]]}"
374,0.34324743691862936,34.82872109485019,0.14208976028577525,0.10501757263885128,0.13257873419941707,0.4385281315058963,0.3900348332968735,0.4190594383218447,2.5734168525953955,18.769510840918063,24.75363336210891,18.692987621943708,0.5768722980600282,59.867592523641896,0.09808486727208329,0.027666670374555724,0.09933646684468447,0.31987677901252,0.27555579317781176,0.33284981942838693,7.514340264923266,C375,22.77820697557994,120.4813754372874,241409.013,2521169.146,9899.494936611665,7000,7000,0,85.77176427085989,63.456375334400995,NO,2022-12-31,"{""geodesic"":false,""crs"":{""type"":""name"",""properties"":{""name"":""EPSG:32651""}},""type"":""Polygon"",""coordinates"":[[[241010.71545000002,2520770.8484500004],[241807.31055,2520770.8484500004],[241807.31055,2521567.44355],[241010.71545000002,2521567.44355],[241010.71545000002,2520770.8484500004]]]}"
250,0.32632439517088335,7.9629634664736875,0.17989137018620588,0.13416358785063642,0.15598475889772415,0.4573457883650963,0.48432458614705476,0.345000601232927,3.2021431870096713,20.01748042813698,25.005594874022595,15.899798982491747,0.5937953398077742,86.7333501520184,0.06028325737165266,0.0014793448372294182,0.0759304421463774,0.30105912215332,0.1812660403276305,0.4069086565173047,6.88561393050899,C251,22.64206097490002,120.43523822525886,236409.013,2506169.146,8246.211251235321,2000,-8000,0,86.19587208910846,63.456375334400995,NO,2022-12-31,"{""geodesic"":false,""crs"":{""type"":""name"",""properties"":{""name"":""EPSG:32651""}},""type"":""Polygon"",""coordinates"":[[[236010.71545000002,2505770.8484500004],[236807.31055,2505770.8484500004],[236807.31055,2506567.44355],[236010.71545000002,2506567.44355],[236010.71545000002,2505770.8484500004]]]}"
388,0.36969301110385305,33.12913134853515,0.08723078103575542,0.07716506606742682,0.09589412566461786,0.4131261635938517,0.40807531134338915,0.42842357430684214,2.5983610425956436,23.747371725432174,24.06850970822488,18.390618482611323,0.5504267238748044,61.56718226995694,0.15294384652210313,0.055519176945980186,0.13602107537948369,0.3452787469245646,0.2575153151312961,0.3234856834433895,7.489396074923018,C389,22.742260295706135,120.4917678014992,242409.013,2517169.146,8544.003745317532,8000,3000,0,86.84377949802564,63.456375334400995,NO,2022-12-31,"{""geodesic"":false,""crs"":{""type"":""name"",""properties"":{""name"":""EPSG:32651""}},""type"":""Polygon"",""coordinates"":[[[242010.71545000002,2516770.8484500004],[242807.31055,2516770.8484500004],[242807.31055,2517567.44355],[242010.71545000002,2517567.44355],[242010.71545000002,2516770.8484500004]]]}"
404,0.3274719256353083,34.17714196730208,0.12422068352904693,0.1182658494925726,0.11540361903470932,0.43054770614845783,0.41526053252962886,0.4170693503194064,2.4278355404160976,19.059707699656467,21.200568880166255,14.975252772820628,0.5926478093433492,60.51917165119001,0.11595394402881161,0.014418393520834405,0.11651158200939223,0.32785720436995847,0.2503300939450564,0.33483990743082526,7.659921577102564,C405,22.742412834838383,120.50149792977324,243409.013,2517169.146,9486.832980505138,9000,3000,0,87.80101326206713,63.456375334400995,NO,2022-12-31,"{""geodesic"":false,""crs"":{""type"":""name"",""properties"":{""name"":""EPSG:32651""}},""type"":""Polygon"",""coordinates"":[[[243010.71545000002,2516770.8484500004],[243807.31055,2516770.8484500004],[243807.31055,2517567.44355],[243010.71545000002,2517567.44355],[243010.71545000002,2516770.8484500004]]]}"
311,0.4574622111184368,44.501293667855535,0.1334109036110915,0.16578705232396557,0.24090150910534974,0.3517611025534271,0.34339042725380425,0.378063743322957,7.20452701622717,17.051585430587156,26.72170476194592,16.604203756240455,0.4626575238602207,50.19501995063655,0.10676372394676703,0.03310280931055856,0.0089863080612482,0.4066438079649892,0.322200199220881,0.37384551442727465,2.883230101291491,C312,22.77774321896579,120.45217814983309,238409.013,2521169.146,8062.25774829855,4000,7000,0,88.23325297596911,63.456375334400995,NO,2022-12-31,"{""geodesic"":false,""crs"":{""type"":""name"",""properties"":{""name"":""EPSG:32651""}},""type"":""Polygon"",""coordinates"":[[[238010.71545000002,2520770.8484500004],[238807.31055,2520770.8484500004],[238807.31055,2521567.44355],[238010.71545000002,2521567.44355],[238010.71545000002,2520770.8484500004]]]}"
102,0.39974120463434015,27.831697117966307,0.08224117188101104,0.06018912677323439,0.10701138037924916,0.3951082004185449,0.3726487141772838,0.4160119244625364,4.905026768634913,25.268733775081586,30.00896391015815,22.763514302645948,0.5203785303443174,66.86461650052578,0.1579334556768475,0.07249511624017262,0.12490382066485238,0.3632967100998714,0.29294191229740146,0.3358973332876953,5.182730348883748,C103,22.686078382904572,120.36632064102575,229409.013,2511169.146,5830.951894845301,-5000,-3000,0,88.36955441463661,63.456375334400995,NO,2022-12-31,"{""geodesic"":false,""crs"":{""type"":""name"",""properties"":{""name"":""EPSG:32651""}},""type"":""Polygon"",""coordinates"":[[[229010.71545000002,2510770.8484500004],[229807.31055,2510770.8484500004],[229807.31055,2511567.44355],[229010.71545000002,2511567.44355],[229010.71545000002,2510770.8484500004]]]}"
391,0.35049284203410175,35.702433529201286,0.09724127170371512,0.08635962085463732,0.10039891786103153,0.4246624134099221,0.39413264162854855,0.4223656658908842,2.333910184232676,21.398808725630552,25.86755955599413,18.301562103163437,0.5696268929445558,58.9938800892908,0.1429333558541434,0.04632462215876969,0.13151628318307002,0.3337424971084942,0.2714579848461367,0.32954359185934745,7.753846933285985,C392,22.769335372933472,120.49127310190607,242409.013,2520169.146,10000,8000,6000,0,88.94022318094895,63.456375334400995,NO,2022-12-31,"{""geodesic"":false,""crs"":{""type"":""name"",""properties"":{""name"":""EPSG:32651""}},""type"":""Polygon"",""coordinates"":[[[242010.71545000002,2519770.8484500004],[242807.31055,2519770.8484500004],[242807.31055,2520567.44355],[242010.71545000002,2520567.44355],[242010.71545000002,2519770.8484500004]]]}"
19,0.36156332669454344,14.874503403950014,0.08443590858076701,-0.024717419813770125,0.08024117802093762,0.44312458667903826,0.34070089015762695,0.4654189504884934,5.168912054629423,30.069407582308695,26.87749920130605,24.4905346274749,0.5585564082841141,79.82181021454207,0.15573871897709152,0.15740166282717713,0.1516740230231639,0.31528032383937804,0.3248897363170583,0.28649030726173824,4.918845062889238,C020,22.73941345778054,120.31664009313317,224409.013,2517169.146,10440.30650891055,-10000,3000,0,89.94758096311874,63.456375334400995,NO,2022-12-31,"{""geodesic"":false,""crs"":{""type"":""name"",""properties"":{""name"":""EPSG:32651""}},""type"":""Polygon"",""coordinates"":[[[224010.71545000002,2516770.8484500004],[224807.31055,2516770.8484500004],[224807.31055,2517567.44355],[224010.71545000002,2517567.44355],[224010.71545000002,2516770.8484500004]]]}"
247,0.42814751830198583,5.532548090024695,0.14800169675282146,0.16241568690017807,0.1990975316444928,0.38782792089080775,0.4648660203131447,0.298924408506101,3.139927121943477,16.325364726587132,20.325808411096556,16.44225643852341,0.4919722166766717,89.1637655284674,0.09217293080503708,0.02973144388677107,0.032817669399608757,0.37057698962760854,0.20072460616154053,0.4529848492441306,6.9478299955751845,C248,22.614986646476254,120.43574082362406,236409.013,2503169.146,11180.339887498949,2000,-11000,0,90.08245139069842,63.456375334400995,NO,2022-12-31,"{""geodesic"":false,""crs"":{""type"":""name"",""properties"":{""name"":""EPSG:32651""}},""type"":""Polygon"",""coordinates"":[[[236010.71545000002,2502770.8484500004],[236807.31055,2502770.8484500004],[236807.31055,2503567.44355],[236010.71545000002,2503567.44355],[236010.71545000002,2502770.8484500004]]]}"
301,0.24294260465053064,19.74936892366956,0.19384405320915005,0.12328064012266257,0.06515207970313758,0.5620567395561147,0.43672811375954473,0.38505141596561354,2.260348370214806,17.382763165781665,26.679925500550855,17.221122966729222,0.6771771303281269,74.94694469482252,0.04633057434870849,0.009403602890744434,0.16676312134096397,0.19634817096230162,0.22886251271514052,0.3668578417846181,7.827408747303855,C302,22.687495390849946,120.45385054830622,238409.013,2511169.146,5000,4000,-3000,0,90.616026905997,63.456375334400995,NO,2022-12-31,"{""geodesic"":false,""crs"":{""type"":""name"",""properties"":{""name"":""EPSG:32651""}},""type"":""Polygon"",""coordinates"":[[[238010.71545000002,2510770.8484500004],[238807.31055,2510770.8484500004],[238807.31055,2511567.44355],[238010.71545000002,2511567.44355],[238010.71545000002,2510770.8484500004]]]}"
72,0.36973935697879307,30.98401190903601,0.04872670689911026,0.03133228777109363,0.07150823731817954,0.4219741296641926,0.3813445328750584,0.44484774721248016,2.7964537011645105,30.006647852301263,26.264075705677733,23.760953538569336,0.5503803779998644,63.71230170945607,0.19144792065874827,0.10135195524231339,0.160406963725922,0.3364307808542237,0.2842460935996269,0.3070615105377515,7.29130341635415,C073,22.785021112287524,120.34495330302919,227409.013,2522169.146,10630.145812734649,-7000,8000,0,90.73044628461426,63.456375334400995,NO,2022-12-31,"{""geodesic"":false,""crs"":{""type"":""name"",""properties"":{""name"":""EPSG:32651""}},""type"":""Polygon"",""coordinates"":[[[227010.71545000002,2521770.8484500004],[227807.31055,2521770.8484500004],[227807.31055,2522567.44355],[227010.71545000002,2522567.44355],[227010.71545000002,2521770.8484500004]]]}"
408,0.3685356001203754,40.720814921147095,0.08830181395062031,0.0679004046537125,0.10137160485534373,0.40607273364245117,0.37928137518165433,0.4134897348069998,2.165813373044072,24.403667009214153,30.216788700504843,18.76192309427307,0.5515841348582822,53.97549869734499,0.15187281360723823,0.0647838383596945,0.13054359618875783,0.35233217687596513,0.2863092512930309,0.33841952294323185,7.921943744474589,C409,22.778513183869425,120.50084071600438,243409.013,2521169.146,11401.75425099138,9000,7000,0,91.88704930116499,63.456375334400995,NO,2022-12-31,"{""geodesic"":false,""crs"":{""type"":""name"",""properties"":{""name"":""EPSG:32651""}},""type"":""Polygon"",""coordinates"":[[[243010.71545000002,2520770.8484500004],[243807.31055,2520770.8484500004],[243807.31055,2521567.44355],[243010.71545000002,2521567.44355],[243010.71545000002,2520770.8484500004]]]}"
352,0.31019368174577505,30.424232218787125,0.12981264276838417,0.08095502854910233,0.12511631144547986,0.4273959889826435,0.38835570564927996,0.4164339854017458,2.6912371806458015,19.969382061180205,21.64989213770032,14.934759670333628,0.6099260532328825,64.27208139970496,0.11036198478947437,0.051729214464304674,0.10679888959862169,0.33100892153577277,0.2772349208254053,0.33547527234848584,7.39651993687286,C353,22.760003235395555,120.47197552833032,240409.013,2519169.146,7810.249675906654,6000,5000,0,92.17205678432471,63.456375334400995,NO,2022-12-31,"{""geodesic"":false,""crs"":{""type"":""name"",""properties"":{""name"":""EPSG:32651""}},""type"":""Polygon"",""coordinates"":[[[240010.71545000002,2518770.8484500004],[240807.31055,2518770.8484500004],[240807.31055,2519567.44355],[240010.71545000002,2519567.44355],[240010.71545000002,2518770.8484500004]]]}"
300,0.2901023131535151,19.503036890698468,0.05994967345124068,-0.045253746848869666,0.06218400998413123,0.4970008616342158,0.3772827760967592,0.4925301774199262,3.3155804650986256,27.4358013850619,30.68505382609909,20.367302181901973,0.6300174218251424,75.19327672779362,0.18022495410661787,0.17793798986227666,0.1697311910599703,0.2614040488842005,0.28830785037792606,0.25937908033030543,6.772176652420036,C301,22.678470545648654,120.45401732191317,238409.013,2510169.146,5656.85424949238,4000,-4000,0,92.26416693897633,63.456375334400995,NO,2022-12-31,"{""geodesic"":false,""crs"":{""type"":""name"",""properties"":{""name"":""EPSG:32651""}},""type"":""Polygon"",""coordinates"":[[[238010.71545000002,2509770.8484500004],[238807.31055,2509770.8484500004],[238807.31055,2510567.44355],[238010.71545000002,2510567.44355],[238010.71545000002,2509770.8484500004]]]}"
340,0.3510688225113415,19.541854341712472,0.1039728273662949,0.07507632270765692,0.08974648363844838,0.40518605878986913,0.37901395447340175,0.4162584162348629,2.9684437933395773,26.598964200592373,28.241976138671824,16.385019727969816,0.569050912467316,75.15445927677962,0.13620180019156364,0.057607920305750085,0.14216871740565318,0.35321885172854717,0.2865766720012835,0.3356508415153687,7.119313324179084,C341,22.651703800357986,120.47396408592438,240409.013,2507169.146,9219.544457292888,6000,-7000,0,93.05892811449576,63.456375334400995,NO,2022-12-31,"{""geodesic"":false,""crs"":{""type"":""name"",""properties"":{""name"":""EPSG:32651""}},""type"":""Polygon"",""coordinates"":[[[240010.71545000002,2506770.8484500004],[240807.31055,2506770.8484500004],[240807.31055,2507567.44355],[240010.71545000002,2507567.44355],[240010.71545000002,2506770.8484500004]]]}"
321,0.29493464304716105,19.729878320450158,0.0759453719849284,-0.01213101040983838,0.05028229671169792,0.4725241301457248,0.3870046169792099,0.4721438989903031,2.7946547249569593,26.924928333828706,26.673288771259607,17.989728518223522,0.6251850919314965,74.96643529804193,0.16422925557293014,0.1448152534232454,0.18163290433240362,0.2858807803726915,0.27858600949547535,0.27976535875992853,7.293102392561702,C322,22.669600048945448,120.46390871343246,239409.013,2509169.146,7071.067811865475,5000,-5000,0,93.18093196278443,63.456375334400995,NO,2022-12-31,"{""geodesic"":false,""crs"":{""type"":""name"",""properties"":{""name"":""EPSG:32651""}},""type"":""Polygon"",""coordinates"":[[[239010.71545000002,2508770.8484500004],[239807.31055,2508770.8484500004],[239807.31055,2509567.44355],[239010.71545000002,2509567.44355],[239010.71545000002,2508770.8484500004]]]}"
126,0.31654417966874393,36.14296095761691,0.09350078883547909,0.019820915767561707,0.056296891321066286,0.4559410662809015,0.3691845909972997,0.424705945892025,4.948419407776187,25.043154189018203,27.568961117046715,20.256365605922852,0.6035755553099136,58.55335266087518,0.14667383872237943,0.1128633272458453,0.17561830972303527,0.3024638442375148,0.29640603547738553,0.32720331185820667,5.139337709742474,C127,22.70428673445229,120.37570186674758,230409.013,2513169.146,4123.105625617661,-4000,-1000,0,93.61191399125029,63.456375334400995,NO,2022-12-31,"{""geodesic"":false,""crs"":{""type"":""name"",""properties"":{""name"":""EPSG:32651""}},""type"":""Polygon"",""coordinates"":[[[230010.71545000002,2512770.8484500004],[230807.31055,2512770.8484500004],[230807.31055,2513567.44355],[230010.71545000002,2513567.44355],[230010.71545000002,2512770.8484500004]]]}"
8,0.323982383623963,17.17286949557768,0.049970960981453955,-0.03814191316099579,0.07757513463156313,0.4328138280690457,0.3472648929054498,0.4864594112599159,4.03522106891,30.336537172172438,29.18167521181607,29.01560929067938,0.5961373513546946,77.52344412291441,0.19020366657640458,0.1708261561744028,0.15434006641253842,0.3255910824493706,0.31832573356923544,0.2654498464903158,6.052536048608661,C009,22.739249682944344,120.30691160759008,223409.013,2517169.146,11401.75425099138,-11000,3000,0,96.23727152577973,63.456375334400995,NO,2022-12-31,"{""geodesic"":false,""crs"":{""type"":""name"",""properties"":{""name"":""EPSG:32651""}},""type"":""Polygon"",""coordinates"":[[[223010.71545000002,2516770.8484500004],[223807.31055,2516770.8484500004],[223807.31055,2517567.44355],[223010.71545000002,2517567.44355],[223010.71545000002,2516770.8484500004]]]}"
316,0.32802806953364316,14.3876696490752,0.1001900426854429,0.10569073014341283,0.11206959514415597,0.39487194959678745,0.3901806041856199,0.40913461422166064,2.3061433525435477,24.97899604947759,26.855349580755203,23.445602610694042,0.5920916654450143,80.30864396941689,0.13998458487241563,0.02699351286999417,0.11984560589994557,0.36353296092162884,0.27541002228906536,0.342774643528571,7.781613764975114,C317,22.624475255939135,120.46473771840851,239409.013,2504169.146,11180.339887498949,5000,-10000,0,96.26789957440181,63.456375334400995,NO,2022-12-31,"{""geodesic"":false,""crs"":{""type"":""name"",""properties"":{""name"":""EPSG:32651""}},""type"":""Polygon"",""coordinates"":[[[239010.71545000002,2503770.8484500004],[239807.31055,2503770.8484500004],[239807.31055,2504567.44355],[239010.71545000002,2504567.44355],[239010.71545000002,2503770.8484500004]]]}"
103,0.3181699929616058,24.909647789888773,0.1314968794685074,-0.008359703495464789,0.07397788886333342,0.480395926523056,0.3221553026143386,0.3956579061045633,3.657057125778941,27.49297551022171,29.42912572523566,21.891043319798257,0.6019497420170516,69.7866658286033,0.10867774808935113,0.14104394650887178,0.15793731218076812,0.2780089839953603,0.34343532386034664,0.35625135164566835,6.43069999173972,C104,22.695102591663247,120.36614806247401,229409.013,2512169.146,5385.164807134504,-5000,-2000,0,98.87232213604017,63.456375334400995,NO,2022-12-31,"{""geodesic"":false,""crs"":{""type"":""name"",""properties"":{""name"":""EPSG:32651""}},""type"":""Polygon"",""coordinates"":[[[229010.71545000002,2511770.8484500004],[229807.31055,2511770.8484500004],[229807.31055,2512567.44355],[229010.71545000002,2512567.44355],[229010.71545000002,2511770.8484500004]]]}"
70,0.3311993632694729,21.351323360113017,0.060770126466246924,0.010711025048374848,0.06026515746677945,0.43121549172646656,0.34871067777534764,0.43106207952091247,2.354431111800861,28.972466842616228,28.679766688686104,20.741447486725004,0.5889203717091847,73.34499025837907,0.1794045010916116,0.12197321796503216,0.1716500435773221,0.32718941879194974,0.3168799486993376,0.3208471782293192,7.7333260057178,C071,22.766973195862217,120.34530268107781,227409.013,2520169.146,9219.544457292888,-7000,6000,0,99.83558006116523,63.456375334400995,NO,2022-12-31,"{""geodesic"":false,""crs"":{""type"":""name"",""properties"":{""name"":""EPSG:32651""}},""type"":""Polygon"",""coordinates"":[[[227010.71545000002,2519770.8484500004],[227807.31055,2519770.8484500004],[227807.31055,2520567.44355],[227010.71545000002,2520567.44355],[227010.71545000002,2519770.8484500004]]]}"
92,0.33169619104881964,39.4175621204659,0.06293044952602402,0.02445254970217564,0.06088197126203918,0.409470009664644,0.3615331792964132,0.41798507128249507,2.981850018586058,26.283159083142646,22.76104808415423,23.990419380732547,0.5884235439298379,55.27875149802618,0.1772441780318345,0.10823169331123136,0.17103322978206237,0.3489349008537723,0.30405744717827204,0.3339241864677366,7.105907098932603,C093,22.785182877804292,120.35468533415161,228409.013,2522169.146,10000,-6000,8000,0,100.52549890248888,63.456375334400995,NO,2022-12-31,"{""geodesic"":false,""crs"":{""type"":""name"",""properties"":{""name"":""EPSG:32651""}},""type"":""Polygon"",""coordinates"":[[[228010.71545000002,2521770.8484500004],[228807.31055,2521770.8484500004],[228807.31055,2522567.44355],[228010.71545000002,2522567.44355],[228010.71545000002,2521770.8484500004]]]}"
58,0.48065014187690586,20.711868313448896,0.16314467166854701,0.19171305089756688,0.2105976929568559,0.33425633011621836,0.29317086767266853,0.3308959043460872,5.4406661209823,24.33975604767321,26.103807344523506,18.868219882306157,0.43946959310175165,73.98444530504318,0.07702995588931152,0.05902880788415987,0.02131750808724564,0.42414858040219794,0.3724197588020167,0.4210133534041445,4.647090996536361,C059,22.658684735401952,120.34739152478629,227409.013,2508169.146,9219.544457292888,-7000,-6000,0,100.65541844635236,63.456375334400995,NO,2022-12-31,"{""geodesic"":false,""crs"":{""type"":""name"",""properties"":{""name"":""EPSG:32651""}},""type"":""Polygon"",""coordinates"":[[[227010.71545000002,2507770.8484500004],[227807.31055,2507770.8484500004],[227807.31055,2508567.44355],[227010.71545000002,2508567.44355],[227010.71545000002,2507770.8484500004]]]}"
143,0.34864951210152606,20.557433353087,0.07682966184729469,0.03199920198074409,0.08872212591709075,0.38149010785865795,0.34198053647143634,0.41573370292667133,4.206689983835715,23.753590723904022,27.259504766518756,18.879641616618276,0.5714702228771315,74.13888026540508,0.16334496571056384,0.10068504103266292,0.1431930751270108,0.37691480265975835,0.3236100900032489,0.3361755548235603,5.881067133682946,C144,22.650299890195324,120.3864554876016,231409.013,2507169.146,7615.773105863908,-3000,-7000,0,100.97254563583084,63.456375334400995,NO,2022-12-31,"{""geodesic"":false,""crs"":{""type"":""name"",""properties"":{""name"":""EPSG:32651""}},""type"":""Polygon"",""coordinates"":[[[231010.71545000002,2506770.8484500004],[231807.31055,2506770.8484500004],[231807.31055,2507567.44355],[231010.71545000002,2507567.44355],[231010.71545000002,2506770.8484500004]]]}"
109,0.31553692932006894,30.530476120442447,0.039995074593625064,0.010700785266071468,0.05761632194217679,0.398925338302992,0.36894233973650165,0.4352542258142287,3.478709521109081,24.229397868213287,26.027774155933436,16.921526546608177,0.6045828056585886,64.16583749804964,0.20017955296423348,0.12198345774733554,0.17429887910192476,0.3594795722154243,0.2966482867381836,0.316655031936003,6.60904759640958,C110,22.7492476043596,120.36511075019051,229409.013,2518169.146,6403.1242374328485,-5000,4000,0,102.95585247077773,63.456375334400995,NO,2022-12-31,"{""geodesic"":false,""crs"":{""type"":""name"",""properties"":{""name"":""EPSG:32651""}},""type"":""Polygon"",""coordinates"":[[[229010.71545000002,2517770.8484500004],[229807.31055,2517770.8484500004],[229807.31055,2518567.44355],[229010.71545000002,2518567.44355],[229010.71545000002,2517770.8484500004]]]}"
77,0.2795070281974485,20.835520961621295,0.07789638967770535,0.037695313219113964,0.07146665365448102,0.4100725745407564,0.3565569379652439,0.4230917249754055,5.30580227417371,24.76065816085974,31.811118313603387,18.710686184665448,0.6406127067812091,73.86079265687079,0.1622782378801532,0.09498892979429305,0.16044854738962053,0.3483323359776599,0.30903368850944135,0.32881753277482617,4.781954843344951,C078,22.649821322581385,120.35728750655794,228409.013,2507169.146,9219.544457292888,-6000,-7000,0,103.75923825020456,63.456375334400995,NO,2022-12-31,"{""geodesic"":false,""crs"":{""type"":""name"",""properties"":{""name"":""EPSG:32651""}},""type"":""Polygon"",""coordinates"":[[[228010.71545000002,2506770.8484500004],[228807.31055,2506770.8484500004],[228807.31055,2507567.44355],[228010.71545000002,2507567.44355],[228010.71545000002,2506770.8484500004]]]}"
390,0.282101660461625,35.59874359422765,0.10037091088221664,0.07864008772746858,0.08790771216846621,0.4117979437928315,0.38404618789635314,0.3858038702598243,2.2260727509250624,21.29490868935717,22.581056772460897,14.416822359415924,0.6380180745170325,59.097570024264435,0.1398037166756419,0.05404415528593842,0.14400748887563533,0.3466069667255848,0.2815444385783321,0.36610538749040733,7.8616843665935985,C391,22.760310358517852,120.49143808536493,242409.013,2519169.146,9433.981132056604,8000,5000,0,104.0406077532857,63.456375334400995,NO,2022-12-31,"{""geodesic"":false,""crs"":{""type"":""name"",""properties"":{""name"":""EPSG:32651""}},""type"":""Polygon"",""coordinates"":[[[242010.71545000002,2518770.8484500004],[242807.31055,2518770.8484500004],[242807.31055,2519567.44355],[242010.71545000002,2519567.44355],[242010.71545000002,2518770.8484500004]]]}"
167,0.354523079318802,36.6818862400333,0.09667611874405585,0.0401822167926589,0.09478108105108225,0.37902601150911547,0.3113387592381044,0.38746640637144525,4.005053088296799,21.330348453005573,29.989353425608982,18.268896912561413,0.5655966556598555,58.014427378458784,0.1434985088138027,0.0925020262207481,0.13713411999301928,0.37937889900930083,0.35425186723658086,0.3644428513787864,6.082704029221862,C168,22.65948270032528,120.39600799642083,232409.013,2508169.146,6324.555320336759,-2000,-6000,0,105.24380835964082,63.456375334400995,NO,2022-12-31,"{""geodesic"":false,""crs"":{""type"":""name"",""properties"":{""name"":""EPSG:32651""}},""type"":""Polygon"",""coordinates"":[[[232010.71545000002,2507770.8484500004],[232807.31055,2507770.8484500004],[232807.31055,2508567.44355],[232010.71545000002,2508567.44355],[232010.71545000002,2507770.8484500004]]]}"
371,0.2933922523291892,32.281399175784905,0.07722468766736422,0.059746688966715256,0.08488665326882384,0.3971499647588795,0.372355441809618,0.38977089656523217,2.8994878873414813,25.341410286436002,26.95233295865264,15.723560450778521,0.6267274826494683,62.41491444270718,0.16294993989049433,0.07293755404669175,0.14702854777527768,0.3612549457595368,0.29323518466506726,0.3621383611849995,7.1882692301771804,C372,22.75113213467082,120.48187230278235,241409.013,2518169.146,8062.25774829855,7000,4000,0,105.87670296943733,63.456375334400995,NO,2022-12-31,"{""geodesic"":false,""crs"":{""type"":""name"",""properties"":{""name"":""EPSG:32651""}},""type"":""Polygon"",""coordinates"":[[[241010.71545000002,2517770.8484500004],[241807.31055,2517770.8484500004],[241807.31055,2518567.44355],[241010.71545000002,2518567.44355],[241010.71545000002,2517770.8484500004]]]}"
403,0.2663021615098126,32.72170167222092,0.10606658497604972,0.0894747234529386,0.1034445914635431,0.39562308550573283,0.37064638781210935,0.40043160375457754,2.6527203295226274,21.82355631054696,21.841440256768486,15.151160469811241,0.653817573468845,61.97461194627117,0.1341080425818088,0.04320951956046841,0.12847060958055845,0.36278182501268347,0.2949442386625759,0.3514776539956541,7.435036787996034,C404,22.733387719291244,120.50166202507775,243409.013,2516169.146,9219.544457292888,9000,2000,0,106.02554981220973,63.456375334400995,NO,2022-12-31,"{""geodesic"":false,""crs"":{""type"":""name"",""properties"":{""name"":""EPSG:32651""}},""type"":""Polygon"",""coordinates"":[[[243010.71545000002,2515770.8484500004],[243807.31055,2515770.8484500004],[243807.31055,2516567.44355],[243010.71545000002,2516567.44355],[243010.71545000002,2515770.8484500004]]]}"
279,0.35915766681270767,18.19891216962343,0.13892735868966868,0.12244426525786602,0.13769518719637483,0.3160575637993843,0.3285532089623203,0.3688364982857598,2.396466221568044,19.169273673627412,22.472928138558103,16.510336057028912,0.5609620681659498,76.49740144886866,0.10124726886818985,0.010239977755540988,0.09422001384772671,0.442347346719032,0.33703741751236493,0.38307275946447183,7.691290895950617,C280,22.69636507029004,120.44395716598214,237409.013,2512169.146,3605.5512754639894,3000,-2000,0,110.46220395991747,63.456375334400995,NO,2022-12-31,"{""geodesic"":false,""crs"":{""type"":""name"",""properties"":{""name"":""EPSG:32651""}},""type"":""Polygon"",""coordinates"":[[[237010.71545000002,2511770.8484500004],[237807.31055,2511770.8484500004],[237807.31055,2512567.44355],[237010.71545000002,2512567.44355],[237010.71545000002,2511770.8484500004]]]}"
26,0.3099346399574356,12.399409986114755,0.06953403250817303,0.057323513665763964,0.08394702779409238,0.35368089869519287,0.32461950128176925,0.38472595775317253,4.725130658055729,23.659563594882638,27.46515995197328,21.362566869373257,0.610185095021222,82.29690363237734,0.1706405950496855,0.07536072934764304,0.14796817325000916,0.40472401182322343,0.340971125192916,0.3671832999970591,5.362626459462932,C027,22.67640933265742,120.32759575490735,225409.013,2510169.146,9848.857801796104,-9000,-4000,0,113.91812662026581,63.456375334400995,NO,2022-12-31,"{""geodesic"":false,""crs"":{""type"":""name"",""properties"":{""name"":""EPSG:32651""}},""type"":""Polygon"",""coordinates"":[[[225010.71545000002,2509770.8484500004],[225807.31055,2509770.8484500004],[225807.31055,2510567.44355],[225010.71545000002,2510567.44355],[225010.71545000002,2509770.8484500004]]]}"
389,0.23501993181594835,34.534469281027164,0.09376887901484893,0.058839940217630025,0.08190621025491376,0.40628200486764854,0.3587227955276683,0.3804104654511095,2.481086745517166,22.7951864556343,24.144759177564612,14.962205865904705,0.6850998031627091,60.16184433746492,0.1464057485430096,0.07384430279577697,0.15000899078918778,0.35212290565076776,0.306867830947017,0.37149879229912214,7.606670372001496,C390,22.751285332774142,120.49160298522112,242409.013,2518169.146,8944.27190999916,8000,4000,0,114.56473359527551,63.456375334400995,NO,2022-12-31,"{""geodesic"":false,""crs"":{""type"":""name"",""properties"":{""name"":""EPSG:32651""}},""type"":""Polygon"",""coordinates"":[[[242010.71545000002,2517770.8484500004],[242807.31055,2517770.8484500004],[242807.31055,2518567.44355],[242010.71545000002,2518567.44355],[242010.71545000002,2517770.8484500004]]]}"
121,0.27090894147875444,20.35426107063912,0.0723936911055413,0.038675085746091534,0.0703917679058646,0.37960905738650563,0.33930586238232374,0.3820052993838955,4.644137556735757,26.159128252630754,30.24117281017285,18.35108668717829,0.6492107934999031,74.34205254785297,0.16778093645231723,0.09400915726731547,0.16152343313823694,0.37879585313191066,0.3262847640923615,0.36990395836633616,5.4436195607829045,C122,22.65916528118173,120.37656114585005,230409.013,2508169.146,7211.102550927979,-4000,-6000,0,115.2718979697039,63.456375334400995,NO,2022-12-31,"{""geodesic"":false,""crs"":{""type"":""name"",""properties"":{""name"":""EPSG:32651""}},""type"":""Polygon"",""coordinates"":[[[230010.71545000002,2507770.8484500004],[230807.31055,2507770.8484500004],[230807.31055,2508567.44355],[230010.71545000002,2508567.44355],[230010.71545000002,2507770.8484500004]]]}"
369,0.29532271250665026,31.644074185532993,0.051928950320722644,0.030247532807475556,0.0642605506563588,0.37325269416671447,0.3406075832299021,0.3786300270056152,2.4226355260466863,21.517009863020128,25.82768727286657,17.483857731758654,0.6247970224720072,63.05223943295909,0.1882456772371359,0.10243671020593145,0.16765465038774274,0.3851522163517018,0.32498304324478317,0.37327923074461644,7.665121591471975,C370,22.733082184060695,120.48220312689858,241409.013,2516169.146,7280.1098892805185,7000,2000,0,116.43656261810683,63.456375334400995,NO,2022-12-31,"{""geodesic"":false,""crs"":{""type"":""name"",""properties"":{""name"":""EPSG:32651""}},""type"":""Polygon"",""coordinates"":[[[241010.71545000002,2515770.8484500004],[241807.31055,2515770.8484500004],[241807.31055,2516567.44355],[241010.71545000002,2516567.44355],[241010.71545000002,2515770.8484500004]]]}"
140,0.28838875167076866,13.055660159911799,0.07423542583837785,0.0718474278328157,0.07850316652434805,0.3497241049590687,0.3396363382399,0.37786410714323404,3.2354147341298365,22.814542346843847,27.760617376489765,19.52204611476353,0.6317309833078888,81.64065345858029,0.16593920171948068,0.06083681518059131,0.1534120345197535,0.4086808055593476,0.3259542882347852,0.3740451506069976,6.852342383388825,C141,22.623226636811072,120.38696784630969,231409.013,2504169.146,10440.30650891055,-3000,-10000,0,117.14488998259834,63.456375334400995,NO,2022-12-31,"{""geodesic"":false,""crs"":{""type"":""name"",""properties"":{""name"":""EPSG:32651""}},""type"":""Polygon"",""coordinates"":[[[231010.71545000002,2503770.8484500004],[231807.31055,2503770.8484500004],[231807.31055,2504567.44355],[231010.71545000002,2504567.44355],[231010.71545000002,2503770.8484500004]]]}"
419,0.2695169917360889,36.38976077495243,0.12039410897710928,0.08417540871446712,0.10063049762310529,0.3662603337357183,0.3178209917682236,0.3622185816521587,3.1703952331425493,22.88073846899179,24.06183157661867,15.711014695037612,0.6506027432425686,58.306552843539656,0.11978051858074926,0.04850883429893989,0.13128470342099624,0.392144576782698,0.34776963470646166,0.38969067609807295,6.9173618843761115,C420,22.751589953548372,120.51106460051004,244409.013,2518169.146,10770.329614269009,10000,4000,0,117.87902936062702,63.456375334400995,NO,2022-12-31,"{""geodesic"":false,""crs"":{""type"":""name"",""properties"":{""name"":""EPSG:32651""}},""type"":""Polygon"",""coordinates"":[[[244010.71545000002,2517770.8484500004],[244807.31055,2517770.8484500004],[244807.31055,2518567.44355],[244010.71545000002,2518567.44355],[244010.71545000002,2517770.8484500004]]]}"
185,0.29304991079963927,13.729992640275054,0.08919776544079848,0.08335579357870583,0.08573797250048135,0.3459229405607352,0.3354358763301261,0.3533074873654018,3.3006404390329105,26.31199734036471,26.530190629852758,20.448751040464817,0.6270698241790182,80.96632097821703,0.15097686211706007,0.049328449434701174,0.1461772285436202,0.4124819699576811,0.33015475014455914,0.39860177038482986,6.78711667848575,C186,22.614517739521293,120.40657914682787,233409.013,2503169.146,11045.36101718726,-1000,-11000,0,119.08833325152126,63.456375334400995,NO,2022-12-31,"{""geodesic"":false,""crs"":{""type"":""name"",""properties"":{""name"":""EPSG:32651""}},""type"":""Polygon"",""coordinates"":[[[233010.71545000002,2502770.8484500004],[233807.31055,2502770.8484500004],[233807.31055,2503567.44355],[233010.71545000002,2503567.44355],[233010.71545000002,2502770.8484500004]]]}"
295,0.17857189203017781,13.677933863818506,0.09549638311978322,0.07828956728636585,0.044516649862100605,0.4254593119101792,0.4122745055943133,0.3441456578395537,2.8285969839086165,22.87881727798928,24.03710759720117,23.766560153546965,0.7415478429484796,81.01837975467357,0.1446782444380753,0.05439467572704115,0.18739855118200094,0.3329455986082371,0.253316120880372,0.40776359991067795,7.259160133610045,C296,22.633346149793265,120.45484992036505,238409.013,2505169.146,9848.857801796104,4000,-9000,0,121.99686483311307,63.456375334400995,NO,2022-12-31,"{""geodesic"":false,""crs"":{""type"":""name"",""properties"":{""name"":""EPSG:32651""}},""type"":""Polygon"",""coordinates"":[[[238010.71545000002,2504770.8484500004],[238807.31055,2504770.8484500004],[238807.31055,2505567.44355],[238010.71545000002,2505567.44355],[238010.71545000002,2504770.8484500004]]]}"
30,0.2953010844316787,13.514530049738392,0.06716376335701092,0.04791889594202708,0.0852857865079925,0.32992307700016044,0.3120720463115187,0.37301365099925654,4.406286795190671,28.689558645143197,27.61037146527732,23.256662219522486,0.6248186505469788,81.18178356875369,0.1730108642008476,0.08476534707137992,0.14662941453610906,0.42848183351825586,0.35351858016316656,0.3788956067509751,5.68147032232799,C031,22.712505006433737,120.3268950961424,225409.013,2514169.146,9000,-9000,0,0,122.03392888037762,63.456375334400995,NO,2022-12-31,"{""geodesic"":false,""crs"":{""type"":""name"",""properties"":{""name"":""EPSG:32651""}},""type"":""Polygon"",""coordinates"":[[[225010.71545000002,2513770.8484500004],[225807.31055,2513770.8484500004],[225807.31055,2514567.44355],[225010.71545000002,2514567.44355],[225010.71545000002,2513770.8484500004]]]}"
104,0.3018754012780336,30.803722129908138,0.08014202205932,0.02761987628749269,0.08035879736923175,0.34588109892533836,0.29114970206863017,0.37047263219791315,3.619172312665248,21.73920805404793,28.196463871536626,19.860073770273992,0.6182443337006239,63.892591488583946,0.16003260549853854,0.10506436672591432,0.15155640367486978,0.41252381159307794,0.3744409244060551,0.3814366255523185,6.468584804853413,C105,22.704126789006647,120.36597539629965,229409.013,2513169.146,5099.019513592785,-5000,-1000,0,122.10945623150576,63.456375334400995,NO,2022-12-31,"{""geodesic"":false,""crs"":{""type"":""name"",""properties"":{""name"":""EPSG:32651""}},""type"":""Polygon"",""coordinates"":[[[229010.71545000002,2512770.8484500004],[229807.31055,2512770.8484500004],[229807.31055,2513567.44355],[229010.71545000002,2513567.44355],[229010.71545000002,2512770.8484500004]]]}"
359,0.26917560575603383,20.871613893133787,0.06203530090019155,0.046103410506079606,0.07203424860954943,0.3613520213012502,0.3312383712817381,0.36321310886263963,3.04140556521554,28.96615638828442,27.87792249363051,21.13230511405104,0.6509441292226237,73.8246997253583,0.178139326657667,0.0865808325073274,0.1598809524345521,0.3970528892171661,0.33435225519294715,0.388696148887592,7.046351552303122,C360,22.642831752099404,120.48385222027922,241409.013,2506169.146,10630.145812734649,7000,-8000,0,122.27600060976957,63.456375334400995,NO,2022-12-31,"{""geodesic"":false,""crs"":{""type"":""name"",""properties"":{""name"":""EPSG:32651""}},""type"":""Polygon"",""coordinates"":[[[241010.71545000002,2505770.8484500004],[241807.31055,2505770.8484500004],[241807.31055,2506567.44355],[241010.71545000002,2506567.44355],[241010.71545000002,2505770.8484500004]]]}"
54,0.262074181825372,22.46946208505765,0.05558428853016371,0.02607979785173743,0.046412646638156814,0.3716233600567389,0.34006462944125754,0.3625821776757447,2.8128844605803023,25.027858196453337,25.381045278683914,24.45490515471179,0.6580455531532855,72.22685153343443,0.18459033902769484,0.10660444516166957,0.18550255440594474,0.3867815504616774,0.3255259970334277,0.38932708007448696,7.274872656938359,C055,22.78485875424555,120.3352213604329,226409.013,2522169.146,11313.70849898476,-8000,8000,0,123.63004988688459,63.456375334400995,NO,2022-12-31,"{""geodesic"":false,""crs"":{""type"":""name"",""properties"":{""name"":""EPSG:32651""}},""type"":""Polygon"",""coordinates"":[[[226010.71545000002,2521770.8484500004],[226807.31055,2521770.8484500004],[226807.31055,2522567.44355],[226010.71545000002,2522567.44355],[226010.71545000002,2521770.8484500004]]]}"
33,0.32433708405349665,17.196834638536156,0.05905867601825997,0.034302349635908586,0.07396215140154419,0.328727164740487,0.29128915938677785,0.3621243426635406,3.6834679755003026,30.53986579470507,31.227083664191355,24.537708548712914,0.5957826509251609,77.49947897995592,0.18111595153959859,0.09838189337749842,0.15795304964255735,0.4296777457779293,0.3743014670879074,0.38978491508669105,6.404289142018358,C034,22.739576641458708,120.32636866804081,225409.013,2517169.146,9486.832980505138,-9000,3000,0,124.14064013735033,63.456375334400995,NO,2022-12-31,"{""geodesic"":false,""crs"":{""type"":""name"",""properties"":{""name"":""EPSG:32651""}},""type"":""Polygon"",""coordinates"":[[[225010.71545000002,2516770.8484500004],[225807.31055,2516770.8484500004],[225807.31055,2517567.44355],[225010.71545000002,2517567.44355],[225010.71545000002,2516770.8484500004]]]}"
188,0.2970368919343962,16.956762388406844,0.07656731590984045,0.06417002159128551,0.08778209332382804,0.324852567449788,0.321770054974067,0.3491908785843923,2.8737991190879137,23.111046570188947,28.492581261312225,19.958686051189336,0.6230828430442613,77.73955123008524,0.1636073116480181,0.06851422142212149,0.1441331077202735,0.4335523430686283,0.34382057150061823,0.40271837916583936,7.213957998430748,C189,22.641591445726466,120.40607084827184,233409.013,2506169.146,8062.25774829855,-1000,-8000,0,124.49365753095239,63.456375334400995,NO,2022-12-31,"{""geodesic"":false,""crs"":{""type"":""name"",""properties"":{""name"":""EPSG:32651""}},""type"":""Polygon"",""coordinates"":[[[233010.71545000002,2505770.8484500004],[233807.31055,2505770.8484500004],[233807.31055,2506567.44355],[233010.71545000002,2506567.44355],[233010.71545000002,2505770.8484500004]]]}"
209,0.2788075144583683,18.580951103866028,0.08407020080340485,0.06118191375285556,0.088613145592285,0.33389417134561145,0.3146946770256399,0.3510759629950737,2.5759949023265705,24.677674944863867,30.240213759534093,19.550532143335996,0.6413122205202892,76.11536251462606,0.15610442675445368,0.07150232926055144,0.14330205545181654,0.42451073917280485,0.35089594944904534,0.40083329475515794,7.511762215192091,C210,22.641748543973005,120.41579322151443,234409.013,2506169.146,8000,0,-8000,0,126.00059246621744,63.456375334400995,NO,2022-12-31,"{""geodesic"":false,""crs"":{""type"":""name"",""properties"":{""name"":""EPSG:32651""}},""type"":""Polygon"",""coordinates"":[[[234010.71545000002,2505770.8484500004],[234807.31055,2505770.8484500004],[234807.31055,2506567.44355],[234010.71545000002,2506567.44355],[234010.71545000002,2505770.8484500004]]]}"
211,0.25025165810091893,32.7774168292376,0.0742923850136179,0.02526001172492178,0.05742076513084947,0.36224931074079014,0.31089031592744637,0.36114487203611206,4.1944149025309345,26.187870728377952,31.65996216940713,19.240049386164273,0.6698680768777385,61.91889678925448,0.16588224254424064,0.10742423128848522,0.1744944359132521,0.39615559977762616,0.3547003105472389,0.3907643857141196,5.893342214987727,C212,22.65979776350048,120.41545519320944,234409.013,2508169.146,6000,0,-6000,0,126.62362756537071,63.456375334400995,NO,2022-12-31,"{""geodesic"":false,""crs"":{""type"":""name"",""properties"":{""name"":""EPSG:32651""}},""type"":""Polygon"",""coordinates"":[[[234010.71545000002,2507770.8484500004],[234807.31055,2507770.8484500004],[234807.31055,2508567.44355],[234010.71545000002,2508567.44355],[234010.71545000002,2507770.8484500004]]]}"
108,0.24533096207238955,28.552294522473673,0.032503206580843394,0.0023217212728464266,0.05020880889878154,0.35316166966572704,0.33969166994569283,0.3899729692878883,2.568182313900612,23.11433156580463,28.731714852987757,16.557687946426608,0.6747887729062679,66.14401909601841,0.20767142097701513,0.13036252174056057,0.18170639214532,0.40524324085268926,0.3258989565289924,0.3619362884623433,7.519574803618049,C109,22.740223464150393,120.36528385486287,229409.013,2517169.146,5830.951894845301,-5000,3000,0,127.12219592576608,63.456375334400995,NO,2022-12-31,"{""geodesic"":false,""crs"":{""type"":""name"",""properties"":{""name"":""EPSG:32651""}},""type"":""Polygon"",""coordinates"":[[[229010.71545000002,2516770.8484500004],[229807.31055,2516770.8484500004],[229807.31055,2517567.44355],[229010.71545000002,2517567.44355],[229010.71545000002,2516770.8484500004]]]}"
334,0.3570832254504355,29.819789935776953,0.05974960134078452,0.08820044582673756,0.13711891007135754,0.2722576282404812,0.2925993230512863,0.34245656621860704,2.9202781680064067,17.89881521405304,25.686478189322273,15.640464768792784,0.5630365095282219,64.87652368271513,0.180425026217074,0.04448379718666945,0.094796290972744,0.4861472822779351,0.372991303423399,0.4094526915316246,7.167478949512255,C335,22.786923185614583,120.46174342677332,239409.013,2522169.146,9433.981132056604,5000,8000,0,127.32124562390484,63.456375334400995,NO,2022-12-31,"{""geodesic"":false,""crs"":{""type"":""name"",""properties"":{""name"":""EPSG:32651""}},""type"":""Polygon"",""coordinates"":[[[239010.71545000002,2521770.8484500004],[239807.31055,2521770.8484500004],[239807.31055,2522567.44355],[239010.71545000002,2522567.44355],[239010.71545000002,2521770.8484500004]]]}"
31,0.23524177407065716,15.24844602281326,0.04854478275234652,0.005011942229386789,0.0490619074846632,0.3531159567834212,0.3077412417882526,0.382611958286516,5.160945653514476,30.234917970891015,27.515394554792227,19.338999065049176,0.6848779609080003,79.44786759567883,0.191629844805512,0.12767230078402023,0.18285329355943836,0.40528895373499507,0.3578493846864327,0.36929729946371564,4.926811464004185,C032,22.72152889623969,120.32671970910695,225409.013,2515169.146,9055.385138137417,-9000,1000,0,130.0377125678043,63.456375334400995,NO,2022-12-31,"{""geodesic"":false,""crs"":{""type"":""name"",""properties"":{""name"":""EPSG:32651""}},""type"":""Polygon"",""coordinates"":[[[225010.71545000002,2514770.8484500004],[225807.31055,2514770.8484500004],[225807.31055,2515567.44355],[225010.71545000002,2515567.44355],[225010.71545000002,2514770.8484500004]]]}"
118,0.2539908432910017,16.41446127245995,0.052389526767088725,0.018528177923425582,0.049339605569414954,0.32635303201054994,0.3121788078735518,0.3842174244579229,3.8842262407592245,23.478312911280966,29.876211403927776,19.092263513993597,0.6661288916876558,78.28185234603214,0.18778510079076982,0.11415606508998143,0.1825755954746866,0.43205187850786636,0.35341181860113347,0.36769183329230876,6.203530876759437,C119,22.632092272497495,120.37707566672721,230409.013,2505169.146,9848.857801796104,-4000,-9000,0,130.42911351717154,63.456375334400995,NO,2022-12-31,"{""geodesic"":false,""crs"":{""type"":""name"",""properties"":{""name"":""EPSG:32651""}},""type"":""Polygon"",""coordinates"":[[[230010.71545000002,2504770.8484500004],[230807.31055,2504770.8484500004],[230807.31055,2505567.44355],[230010.71545000002,2505567.44355],[230010.71545000002,2504770.8484500004]]]}"
320,0.23182268439015283,17.976427252115993,0.06333121487096098,0.03135508590393729,0.04140347488544669,0.36549286956532884,0.3245389777024325,0.3552549709024965,2.4614053630590003,27.81834703420387,29.0306408027847,15.364861299155162,0.6882970505885047,76.71988636637609,0.17684341268689757,0.10132915710946971,0.19051172615865486,0.39291204095308746,0.34105164877225275,0.3966542868477351,7.626351754459661,C321,22.660575112960757,120.46407468297905,239409.013,2508169.146,7810.249675906654,5000,-6000,0,131.09841112385575,63.456375334400995,NO,2022-12-31,"{""geodesic"":false,""crs"":{""type"":""name"",""properties"":{""name"":""EPSG:32651""}},""type"":""Polygon"",""coordinates"":[[[239010.71545000002,2507770.8484500004],[239807.31055,2507770.8484500004],[239807.31055,2508567.44355],[239010.71545000002,2508567.44355],[239010.71545000002,2507770.8484500004]]]}"
84,0.2790831179280055,27.023515278999092,0.0340817749067884,0.015752318989178074,0.04877507504031879,0.330626223287273,0.3077619963660018,0.36197245650815263,3.2652252327933473,24.691391470010807,29.06853504396983,19.15622761880454,0.6410366170506521,67.672798339493,0.20609285265107014,0.11693192402422893,0.18314012600378277,0.4277786872311433,0.35782863010868343,0.389936801242079,6.822531884725314,C085,22.71299036848321,120.35607562357632,228409.013,2514169.146,6000,-6000,0,0,131.1871131252088,63.456375334400995,NO,2022-12-31,"{""geodesic"":false,""crs"":{""type"":""name"",""properties"":{""name"":""EPSG:32651""}},""type"":""Polygon"",""coordinates"":[[[228010.71545000002,2513770.8484500004],[228807.31055,2513770.8484500004],[228807.31055,2514567.44355],[228010.71545000002,2514567.44355],[228010.71545000002,2513770.8484500004]]]}"
166,0.2071339278376192,23.076665964269218,0.06298765984979905,0.001680516034920435,0.05053131102895302,0.37118363685933353,0.3052748314100203,0.37874205852978454,3.2408886815445834,24.612350743109783,32.001494808953055,20.197883909144792,0.7129858071410383,71.61964765422286,0.17718696770805947,0.13100372697848656,0.1813838900151485,0.38722127365908277,0.36031579506466493,0.3731671992204471,6.846868435974078,C167,22.650458235340423,120.39617832208071,232409.013,2507169.146,7280.1098892805185,-2000,-7000,0,132.8765620105726,63.456375334400995,NO,2022-12-31,"{""geodesic"":false,""crs"":{""type"":""name"",""properties"":{""name"":""EPSG:32651""}},""type"":""Polygon"",""coordinates"":[[[232010.71545000002,2506770.8484500004],[232807.31055,2506770.8484500004],[232807.31055,2507567.44355],[232010.71545000002,2507567.44355],[232010.71545000002,2506770.8484500004]]]}"
164,0.27285423233619677,17.795625196583753,0.07217736835512288,0.06755692772686096,0.06431297862616127,0.30782034954881415,0.307056177567098,0.32738271588267237,3.7768819260372934,25.373367312069018,26.733320892040666,17.81439589387908,0.6472655026424607,76.90068842190833,0.16799725920273567,0.06512731528654604,0.16760222241794026,0.45058456096960214,0.35853444890758723,0.4245265418675593,6.310875191481368,C165,22.632409271266553,120.39651871383813,232409.013,2505169.146,9219.544457292888,-2000,-9000,0,134.86568284551072,63.456375334400995,NO,2022-12-31,"{""geodesic"":false,""crs"":{""type"":""name"",""properties"":{""name"":""EPSG:32651""}},""type"":""Polygon"",""coordinates"":[[[232010.71545000002,2504770.8484500004],[232807.31055,2504770.8484500004],[232807.31055,2505567.44355],[232010.71545000002,2505567.44355],[232010.71545000002,2504770.8484500004]]]}"
405,0.2016453403548361,36.23010417934734,0.06835379228152523,0.06456667670733217,0.06230683173201399,0.3501253779189848,0.33616725251995017,0.34294281444421737,2.2858567448971363,22.878940249044145,24.61540709907574,12.706338323651144,0.7184743946238215,58.46620943914474,0.1718208352763333,0.06811756630607484,0.16960836931208756,0.4082795325994315,0.3294233739547351,0.4089664433060143,7.801900372621525,C406,22.75143793907355,120.50133375123805,243409.013,2518169.146,9848.857801796104,9000,4000,0,135.00054742961737,63.456375334400995,NO,2022-12-31,"{""geodesic"":false,""crs"":{""type"":""name"",""properties"":{""name"":""EPSG:32651""}},""type"":""Polygon"",""coordinates"":[[[243010.71545000002,2517770.8484500004],[243807.31055,2517770.8484500004],[243807.31055,2518567.44355],[243010.71545000002,2518567.44355],[243010.71545000002,2517770.8484500004]]]}"
125,0.24364706194960384,34.20978923749909,0.04904312524568933,-0.0031930571748045094,0.04670601018004909,0.34176880237052015,0.29516549942752,0.3397358616261649,3.693180351274737,27.911415112586468,31.366031069038662,19.956321175677417,0.6764726730290537,60.486524380992996,0.19113150231216922,0.1358773001882115,0.18520919086405246,0.41663610814789614,0.37042512704716524,0.4121733961240667,6.394576766243924,C126,22.695262466603136,120.37587389711773,230409.013,2512169.146,4472.13595499958,-4000,-2000,0,138.02756008208192,63.456375334400995,NO,2022-12-31,"{""geodesic"":false,""crs"":{""type"":""name"",""properties"":{""name"":""EPSG:32651""}},""type"":""Polygon"",""coordinates"":[[[230010.71545000002,2511770.8484500004],[230807.31055,2511770.8484500004],[230807.31055,2512567.44355],[230010.71545000002,2512567.44355],[230010.71545000002,2511770.8484500004]]]}"
296,0.26130484030138373,15.625773126437087,0.03052098772867635,-0.04063296438065451,0.048734905362478514,0.35413380797044247,0.269778811675607,0.35830624529033284,2.745713092155812,24.343533545453194,25.521819328948794,23.715190385764494,0.6588148946772738,79.070540492055,0.2096536398291822,0.1733172073940615,0.18318029568162303,0.4042711025479738,0.39581181479907823,0.3936030124598988,7.342044025362849,C297,22.642371051598154,120.45468356987001,238409.013,2506169.146,8944.27190999916,4000,-8000,0,138.91148377182878,63.456375334400995,NO,2022-12-31,"{""geodesic"":false,""crs"":{""type"":""name"",""properties"":{""name"":""EPSG:32651""}},""type"":""Polygon"",""coordinates"":[[[238010.71545000002,2505770.8484500004],[238807.31055,2505770.8484500004],[238807.31055,2506567.44355],[238010.71545000002,2506567.44355],[238010.71545000002,2505770.8484500004]]]}"
251,0.19434864580443154,10.339706612073286,0.19543336357371566,0.15351622643106966,0.16046152884177953,0.342033238941457,0.4290157219334064,0.21613217110811783,2.2873860880671084,13.845820868867756,19.545571280882577,14.05314574171011,0.725771089174226,84.3566070064188,0.04474126398414288,0.020831983417662653,0.07145367220232202,0.4163716715769593,0.23657490454127883,0.5357770866421139,7.8003710294515525,C252,22.651085728385517,120.4350705220702,236409.013,2507169.146,7280.1098892805185,2000,-7000,0,139.60660248771032,63.456375334400995,NO,2022-12-31,"{""geodesic"":false,""crs"":{""type"":""name"",""properties"":{""name"":""EPSG:32651""}},""type"":""Polygon"",""coordinates"":[[[236010.71545000002,2506770.8484500004],[236807.31055,2506770.8484500004],[236807.31055,2507567.44355],[236010.71545000002,2507567.44355],[236010.71545000002,2506770.8484500004]]]}"
344,0.23423761344697744,26.56564707801618,0.04130833375289057,0.020669619271885327,0.04681694171026942,0.33669079820368186,0.29526697512309064,0.3250589680810042,4.70263886975599,23.78430382625364,28.96903354020067,17.712709336592752,0.68588212153168,68.1306665404759,0.19886629380496795,0.11201462374152168,0.18509825933383212,0.42171411231473444,0.3703236513515946,0.42685028966922745,5.385118247762671,C345,22.68780379315666,120.47330257874779,240409.013,2511169.146,6708.203932499369,6000,-3000,0,140.8592309255873,63.456375334400995,NO,2022-12-31,"{""geodesic"":false,""crs"":{""type"":""name"",""properties"":{""name"":""EPSG:32651""}},""type"":""Polygon"",""coordinates"":[[[240010.71545000002,2510770.8484500004],[240807.31055,2510770.8484500004],[240807.31055,2511567.44355],[240010.71545000002,2511567.44355],[240010.71545000002,2510770.8484500004]]]}"
372,0.201420408375132,32.38427713102966,0.07125256920458611,0.04602963382652473,0.07120123376836131,0.3431723433625807,0.3034726850600159,0.3298810153960085,2.3486575181019593,22.957459430365894,23.77241332857924,14.805687195005513,0.7186993266035255,62.31203648746242,0.16892205835327243,0.08665460918688228,0.16071396727574022,0.4152325671558356,0.36211794141466935,0.42202824235422315,7.7390995994167024,C373,22.76015709297846,120.48170676488472,241409.013,2519169.146,8602.325267042626,7000,5000,0,141.0127480080431,63.456375334400995,NO,2022-12-31,"{""geodesic"":false,""crs"":{""type"":""name"",""properties"":{""name"":""EPSG:32651""}},""type"":""Polygon"",""coordinates"":[[[241010.71545000002,2518770.8484500004],[241807.31055,2518770.8484500004],[241807.31055,2519567.44355],[241010.71545000002,2519567.44355],[241010.71545000002,2518770.8484500004]]]}"
40,0.27015134090975074,17.965448223315423,0.03708605022154532,0.005038476539099005,0.05735152767980614,0.311112066375835,0.26456247695894364,0.32248044696354294,5.005222663093198,24.90144148029957,30.816548196311217,19.17527948107446,0.6499683940689067,76.73086539517666,0.20308857733631322,0.127645766474308,0.1745636733642954,0.4472928441425813,0.4010281495157416,0.4294288107866887,5.082534454425463,C041,22.658523375678136,120.337668493664,226409.013,2508169.146,10000,-8000,-6000,0,143.8624739761909,63.456375334400995,NO,2022-12-31,"{""geodesic"":false,""crs"":{""type"":""name"",""properties"":{""name"":""EPSG:32651""}},""type"":""Polygon"",""coordinates"":[[[226010.71545000002,2507770.8484500004],[226807.31055,2507770.8484500004],[226807.31055,2508567.44355],[226010.71545000002,2508567.44355],[226010.71545000002,2507770.8484500004]]]}"
332,0.19794570364470118,30.474394522041155,0.18868281872285164,0.16849572988767955,0.17082775451342644,0.3136308209020927,0.27638536477923975,0.2948554743686854,2.5950097194993096,18.072429333354695,19.565832461515914,14.929481352582703,0.7221740313339563,64.22191909645093,0.0514918088350069,0.03581148687427255,0.061087446530675105,0.4447740896163236,0.3892052616954455,0.45705378338154623,7.492747398019352,C333,22.768873597090515,120.46207747754617,239409.013,2520169.146,7810.249675906654,5000,6000,0,144.81254113331153,63.456375334400995,NO,2022-12-31,"{""geodesic"":false,""crs"":{""type"":""name"",""properties"":{""name"":""EPSG:32651""}},""type"":""Polygon"",""coordinates"":[[[239010.71545000002,2519770.8484500004],[239807.31055,2519770.8484500004],[239807.31055,2520567.44355],[239010.71545000002,2520567.44355],[239010.71545000002,2519770.8484500004]]]}"
376,0.22048833721505764,36.22311831113159,0.07907712134919438,0.04190297633984198,0.07867902728042425,0.33147234668895464,0.27905980006852493,0.3054519196185624,2.6201828571604286,14.861771883131748,21.193975407024908,20.146074782467927,0.6996313977635998,58.47319530736049,0.16109750620866414,0.09078126667356502,0.1532361737636773,0.42693256382946165,0.3865308264061603,0.44645733813166927,7.467574260358233,C377,22.796256812804444,120.48104377378978,241409.013,2523169.146,11401.75425099138,7000,9000,0,145.0222650763941,63.456375334400995,NO,2022-12-31,"{""geodesic"":false,""crs"":{""type"":""name"",""properties"":{""name"":""EPSG:32651""}},""type"":""Polygon"",""coordinates"":[[[241010.71545000002,2522770.8484500004],[241807.31055,2522770.8484500004],[241807.31055,2523567.44355],[241010.71545000002,2523567.44355],[241010.71545000002,2522770.8484500004]]]}"
353,0.1921586495719941,31.520068072821033,0.14906958534786027,0.12023412095861553,0.1264523254174492,0.30995639658138224,0.2785204096871689,0.305584143885459,2.8369510300881062,17.15664843934899,20.858395431656135,14.111761221933559,0.7279610854066634,63.17624554567105,0.09110504220999827,0.012450122054791471,0.10546287562665235,0.44844851393703405,0.38707021678751635,0.44632511386477264,7.250806087430555,C354,22.76902811466149,120.47180926816688,240409.013,2520169.146,8485.28137423857,6000,6000,0,146.0058434841491,63.456375334400995,NO,2022-12-31,"{""geodesic"":false,""crs"":{""type"":""name"",""properties"":{""name"":""EPSG:32651""}},""type"":""Polygon"",""coordinates"":[[[240010.71545000002,2519770.8484500004],[240807.31055,2519770.8484500004],[240807.31055,2520567.44355],[240010.71545000002,2520567.44355],[240010.71545000002,2519770.8484500004]]]}"
27,0.2199266252107962,11.969730582159809,0.04726013437655744,0.00664967180284845,0.04852093589985523,0.3152716567963341,0.28042641302987015,0.3381075053708579,4.231020443603535,28.445217630959483,33.422085477859845,25.40284019880528,0.7001931097678613,82.72658303633227,0.1929144931813011,0.12603457121055855,0.1833942651442463,0.4431332537220822,0.3851642134448151,0.4138017523793738,5.856736673915126,C028,22.685433268276626,120.32742072357061,225409.013,2511169.146,9486.832980505138,-9000,-3000,0,146.55700079064428,63.456375334400995,NO,2022-12-31,"{""geodesic"":false,""crs"":{""type"":""name"",""properties"":{""name"":""EPSG:32651""}},""type"":""Polygon"",""coordinates"":[[[225010.71545000002,2510770.8484500004],[225807.31055,2510770.8484500004],[225807.31055,2511567.44355],[225010.71545000002,2511567.44355],[225010.71545000002,2510770.8484500004]]]}"
93,0.20223547782906018,43.75838350531766,0.009750730174487824,-0.006726251824278779,0.022399440633603294,0.32692334272587187,0.3120803822648807,0.35419198014598186,2.802268479583069,25.09900591187981,28.095617101504256,21.83642316132008,0.7178842571495974,50.937930113174424,0.2304238973833707,0.13941049483768578,0.20951576041049824,0.43148156779254443,0.35351024420980454,0.3977172776042498,7.285488637935592,C094,22.794206889927192,120.3545111513318,228409.013,2523169.146,10816.653826391968,-6000,9000,0,146.83823070869113,63.456375334400995,NO,2022-12-31,"{""geodesic"":false,""crs"":{""type"":""name"",""properties"":{""name"":""EPSG:32651""}},""type"":""Polygon"",""coordinates"":[[[228010.71545000002,2522770.8484500004],[228807.31055,2522770.8484500004],[228807.31055,2523567.44355],[228010.71545000002,2523567.44355],[228010.71545000002,2522770.8484500004]]]}"
79,0.2044656413311274,18.264126995112665,0.033028523044730654,0.008962489960105721,0.030060577649521227,0.32360772904790724,0.2953625456427917,0.3392146832487624,4.850721158276163,25.77829492908155,29.77977305351957,17.746872425872795,0.7156540936475301,76.43218662337942,0.20714610451312787,0.12372175305330128,0.20185462339458032,0.43479718147050905,0.37022808083189357,0.41269457450146924,5.237035959242498,C080,22.66786967849311,120.35694169374517,228409.013,2509169.146,7810.249675906654,-6000,-5000,0,146.9994345798893,63.456375334400995,NO,2022-12-31,"{""geodesic"":false,""crs"":{""type"":""name"",""properties"":{""name"":""EPSG:32651""}},""type"":""Polygon"",""coordinates"":[[[228010.71545000002,2508770.8484500004],[228807.31055,2508770.8484500004],[228807.31055,2509567.44355],[228010.71545000002,2509567.44355],[228010.71545000002,2508770.8484500004]]]}"
64,0.1542328923471837,21.782841768385556,0.07697065882261488,-0.01013775311700285,-0.004805605080000673,0.41891671612797277,0.29082972365814086,0.32411449301233725,3.394511886351395,25.139493668226592,26.726617424689515,22.111839393622923,0.7658868426314738,72.91347185010653,0.16320396873524368,0.14282199613040986,0.2367208061241022,0.33948819439044353,0.3747609028165444,0.4277947647378944,6.693245231167266,C065,22.712829171569883,120.34634869267205,227409.013,2514169.146,7000,-7000,0,0,147.05598315031065,63.456375334400995,NO,2022-12-31,"{""geodesic"":false,""crs"":{""type"":""name"",""properties"":{""name"":""EPSG:32651""}},""type"":""Polygon"",""coordinates"":[[[227010.71545000002,2513770.8484500004],[227807.31055,2513770.8484500004],[227807.31055,2514567.44355],[227010.71545000002,2514567.44355],[227010.71545000002,2513770.8484500004]]]}"
98,0.21411856016343392,16.264715278751893,0.0444711168816345,0.02693998654157359,0.04427443440390949,0.3135707813870939,0.2973628370707313,0.326148409573865,3.2767622100325875,24.530474884552415,29.80216367262016,20.86757933023411,0.7060011748152236,78.43159833974019,0.19570351067622405,0.10574425647183341,0.18764076664019205,0.4448341291313224,0.36822778940395395,0.42576084817636667,6.810994907486074,C099,22.649981433794256,120.36701007951838,229409.013,2507169.146,8602.325267042626,-5000,-7000,0,147.49799944095076,63.456375334400995,NO,2022-12-31,"{""geodesic"":false,""crs"":{""type"":""name"",""properties"":{""name"":""EPSG:32651""}},""type"":""Polygon"",""coordinates"":[[[229010.71545000002,2506770.8484500004],[229807.31055,2506770.8484500004],[229807.31055,2507567.44355],[229010.71545000002,2507567.44355],[229010.71545000002,2506770.8484500004]]]}"
94,0.18748389480845848,39.28002857377667,0.008446276819058378,-0.03572214159317627,0.010149922547424663,0.3485106642845397,0.29173200029437213,0.36381677769292475,2.8656411557079626,22.896457135936107,27.740138679216706,20.7406070815261,0.732635840170199,55.416285044715416,0.23172835073880016,0.16840638460658328,0.22176527849667688,0.4098942462338766,0.3738586261803131,0.3880924800573069,7.222115961810699,C095,22.803230890583418,120.35433688028316,228409.013,2524169.146,11661.903789690601,-6000,10000,0,149.6123360427744,63.456375334400995,NO,2022-12-31,"{""geodesic"":false,""crs"":{""type"":""name"",""properties"":{""name"":""EPSG:32651""}},""type"":""Polygon"",""coordinates"":[[[228010.71545000002,2523770.8484500004],[228807.31055,2523770.8484500004],[228807.31055,2524567.44355],[228010.71545000002,2524567.44355],[228010.71545000002,2523770.8484500004]]]}"
83,0.22038205067519728,26.069974855817982,0.03303059222506229,-0.01281268674966676,0.045795626053827504,0.30797224658866285,0.2683862184911171,0.3415604187337829,3.732584662925102,23.21368970633398,27.751018836817387,23.480806319352766,0.6997376843034602,68.6263387626741,0.20714403533279624,0.14549692976307377,0.18611957499027404,0.45043266392975345,0.39720440798356815,0.41034883901644875,6.355172454593559,C084,22.703966253333693,120.35624901349995,228409.013,2513169.146,6082.76253029822,-6000,-1000,0,150.41317895091228,63.456375334400995,NO,2022-12-31,"{""geodesic"":false,""crs"":{""type"":""name"",""properties"":{""name"":""EPSG:32651""}},""type"":""Polygon"",""coordinates"":[[[228010.71545000002,2512770.8484500004],[228807.31055,2512770.8484500004],[228807.31055,2513567.44355],[228010.71545000002,2513567.44355],[228010.71545000002,2512770.8484500004]]]}"
319,0.21372060358395753,18.779435037605044,0.041861912931440835,0.032994898481011614,0.04061974304195983,0.31633387976728516,0.29546161763924594,0.31083759268286715,2.353559115632173,28.967195153828115,27.39329109473281,20.244079623449025,0.7063991313947,75.91687858088704,0.1983127146264177,0.09968934453239539,0.1912954580021417,0.44207103075113113,0.3701290088354393,0.4410716650673645,7.734198001886488,C320,22.651550165663966,120.46424056822534,239409.013,2507169.146,8602.325267042626,5000,-7000,0,150.41730268660922,63.456375334400995,NO,2022-12-31,"{""geodesic"":false,""crs"":{""type"":""name"",""properties"":{""name"":""EPSG:32651""}},""type"":""Polygon"",""coordinates"":[[[239010.71545000002,2506770.8484500004],[239807.31055,2506770.8484500004],[239807.31055,2507567.44355],[239010.71545000002,2507567.44355],[239010.71545000002,2506770.8484500004]]]}"
387,0.2051249886452604,32.87672862389206,0.029195245661159965,0.02662476176395179,0.03716148675836239,0.30835188436114297,0.29351571949221866,0.3086455868493725,2.6787265702551513,24.323315003024806,28.344026665562595,17.14509595758918,0.7149947463333971,61.81958499460002,0.21097938189669857,0.10605948124945522,0.19475371428573915,0.45005302615727333,0.3720749069824666,0.44326367090085916,7.4090305472635105,C388,22.733235247317616,120.4919325342236,242409.013,2516169.146,8246.211251235321,8000,2000,0,153.85077397806256,63.456375334400995,NO,2022-12-31,"{""geodesic"":false,""crs"":{""type"":""name"",""properties"":{""name"":""EPSG:32651""}},""type"":""Polygon"",""coordinates"":[[[242010.71545000002,2515770.8484500004],[242807.31055,2515770.8484500004],[242807.31055,2516567.44355],[242010.71545000002,2516567.44355],[242010.71545000002,2515770.8484500004]]]}"
57,0.2051361116552463,18.74212908005913,0.05572421157915549,0.037957371172350034,0.050836287512907335,0.30148510108561755,0.27119916437953734,0.3026499960141555,5.1817515640603915,23.158197627461984,33.509949223459465,19.005588694572662,0.7149836233234113,75.95418453843295,0.18445041597870304,0.09472687184105696,0.1810789135311942,0.45691980943279875,0.3943914620951479,0.44925926173607617,4.90600555345827,C058,22.64966062272247,120.34756502141407,227409.013,2507169.146,9899.494936611665,-7000,-7000,0,153.9530285701358,63.456375334400995,NO,2022-12-31,"{""geodesic"":false,""crs"":{""type"":""name"",""properties"":{""name"":""EPSG:32651""}},""type"":""Polygon"",""coordinates"":[[[227010.71545000002,2506770.8484500004],[227807.31055,2506770.8484500004],[227807.31055,2507567.44355],[227010.71545000002,2507567.44355],[227010.71545000002,2506770.8484500004]]]}"
354,0.20097795975571367,31.85029479066182,0.1340822233504014,0.13249675816278342,0.14627894322742105,0.26945442431313016,0.2772248161662472,0.27715708938251166,3.322546546952693,14.339484769818558,20.08059609446401,13.383452792400737,0.7191417752229439,62.846018827830264,0.10609240420745714,1.874848506235871E-4,0.0856362578166805,0.48895048620528614,0.38836581030843803,0.47475216836772,6.765210570565968,C355,22.778052982578348,120.47164292372982,240409.013,2521169.146,9219.544457292888,6000,7000,0,154.32280582496148,63.456375334400995,NO,2022-12-31,"{""geodesic"":false,""crs"":{""type"":""name"",""properties"":{""name"":""EPSG:32651""}},""type"":""Polygon"",""coordinates"":[[[240010.71545000002,2520770.8484500004],[240807.31055,2520770.8484500004],[240807.31055,2521567.44355],[240010.71545000002,2521567.44355],[240010.71545000002,2520770.8484500004]]]}"
99,0.201579220239923,14.980390133395776,0.06620527461772564,0.038102380470511496,0.0589313698917961,0.28885244277246896,0.2791844180645419,0.31338741582254337,3.0851483231002663,23.361897016994075,30.38549324678805,18.261776950280705,0.7185405147387345,79.71592348509631,0.17396935294013288,0.09458186254289551,0.17298383115230545,0.46955246774594733,0.38640620841014334,0.4385218419276883,7.002608794418395,C100,22.659005688175466,120.36683785120123,229409.013,2508169.146,7810.249675906654,-5000,-6000,0,154.45347229648397,63.456375334400995,NO,2022-12-31,"{""geodesic"":false,""crs"":{""type"":""name"",""properties"":{""name"":""EPSG:32651""}},""type"":""Polygon"",""coordinates"":[[[229010.71545000002,2507770.8484500004],[229807.31055,2507770.8484500004],[229807.31055,2508567.44355],[229010.71545000002,2508567.44355],[229010.71545000002,2507770.8484500004]]]}"
25,0.23769192599243505,13.540641315679057,0.05990265683496224,0.0543765459762613,0.0763231514134444,0.27015647294643974,0.2565208259357084,0.2954624853726709,6.031301566503323,24.79826011406031,31.494708845944412,19.458463282017114,0.6824278089862225,81.15567230281303,0.1802719707228963,0.07830769703714571,0.15559204963065715,0.48824843757197656,0.40906980053897685,0.45644677237756076,4.056455551015338,C026,22.6673853855946,120.32777069738438,225409.013,2509169.146,10295.630140987001,-9000,-5000,0,154.53684535664362,63.456375334400995,NO,2022-12-31,"{""geodesic"":false,""crs"":{""type"":""name"",""properties"":{""name"":""EPSG:32651""}},""type"":""Polygon"",""coordinates"":[[[225010.71545000002,2508770.8484500004],[225807.31055,2508770.8484500004],[225807.31055,2509567.44355],[225010.71545000002,2509567.44355],[225010.71545000002,2508770.8484500004]]]}"
392,0.208088034916364,39.33906024160411,0.02937803584343406,0.003709985015721405,0.03761281400213628,0.31076780685378846,0.2795782205540326,0.3081099594504039,2.5065643364655683,25.71941712955894,30.55737403036701,20.96801763862205,0.7120317000622935,55.357253376887975,0.21079659171442447,0.1289742579976856,0.19430238704196526,0.44763710366462783,0.38601240592065267,0.4437992982998277,7.581192781053093,C393,22.77836037601723,120.49110803482004,242409.013,2521169.146,10630.145812734649,8000,7000,0,155.64294231726413,63.456375334400995,NO,2022-12-31,"{""geodesic"":false,""crs"":{""type"":""name"",""properties"":{""name"":""EPSG:32651""}},""type"":""Polygon"",""coordinates"":[[[242010.71545000002,2520770.8484500004],[242807.31055,2520770.8484500004],[242807.31055,2521567.44355],[242010.71545000002,2521567.44355],[242010.71545000002,2520770.8484500004]]]}"
305,0.26146488805617346,20.032171452547704,0.13976575433018226,0.11502705308926632,0.16277899799128462,0.2704255281900042,0.21660346113540127,0.26038235971346346,3.2103752130938394,15.935828883614382,19.209307240399745,15.090561075520897,0.658654846922484,74.66414216594438,0.10040887322767628,0.017657189924140684,0.06913620305281692,0.4879793823284121,0.44898716533928396,0.4915268980367682,6.877381904424822,C306,22.72359465829545,120.45318260666498,238409.013,2515169.146,4123.105625617661,4000,1000,0,156.15570477036954,63.456375334400995,NO,2022-12-31,"{""geodesic"":false,""crs"":{""type"":""name"",""properties"":{""name"":""EPSG:32651""}},""type"":""Polygon"",""coordinates"":[[[238010.71545000002,2514770.8484500004],[238807.31055,2514770.8484500004],[238807.31055,2515567.44355],[238010.71545000002,2515567.44355],[238010.71545000002,2514770.8484500004]]]}"
28,0.2231368494815748,14.912777063364675,0.047499365918461364,0.03512503744119223,0.053846770837854566,0.2769606735569222,0.2718012530440801,0.29895603503342544,4.609411901383797,25.520975216079897,30.698984160215797,24.938055957391455,0.6969828854970828,79.78353655512741,0.1926752616393972,0.09755920557221477,0.17806843020624696,0.4814442369614941,0.39378937343060516,0.4529532227168062,5.478345216134865,C029,22.694457192448333,120.32724560334822,225409.013,2512169.146,9219.544457292888,-9000,-2000,0,156.3320296458531,63.456375334400995,NO,2022-12-31,"{""geodesic"":false,""crs"":{""type"":""name"",""properties"":{""name"":""EPSG:32651""}},""type"":""Polygon"",""coordinates"":[[[225010.71545000002,2511770.8484500004],[225807.31055,2511770.8484500004],[225807.31055,2512567.44355],[225010.71545000002,2512567.44355],[225010.71545000002,2511770.8484500004]]]}"
114,0.21287401893507016,50.9569174926016,0.006070008317852972,-0.01687290046889279,0.01885771551161542,0.307033862736088,0.28963170976529173,0.31529792975719734,2.8522391707923265,25.2771044580406,31.042077728829653,20.633493731256937,0.7072457160435873,43.73939612589049,0.23410461924000556,0.1495571434822998,0.21305748553248613,0.4513710477823283,0.3759589167093935,0.4366113279930343,7.235517946726334,C115,22.79436813375266,120.36424390966373,229409.013,2523169.146,10295.630140987001,-5000,9000,0,156.48746213508667,63.456375334400995,NO,2022-12-31,"{""geodesic"":false,""crs"":{""type"":""name"",""properties"":{""name"":""EPSG:32651""}},""type"":""Polygon"",""coordinates"":[[[229010.71545000002,2522770.8484500004],[229807.31055,2522770.8484500004],[229807.31055,2523567.44355],[229010.71545000002,2523567.44355],[229010.71545000002,2522770.8484500004]]]}"
227,0.19896160522336515,11.557686710536649,0.028120756687916033,-0.003890600547012457,0.01927766615041795,0.34661080226158086,0.26500641964234456,0.30496351146762174,2.360773702577191,24.261819588485675,23.28022199056149,16.73024414388972,0.7211581297552924,83.13862690795544,0.2120538708699425,0.13657484356041946,0.2126375348936836,0.41179410825683543,0.4005842068323407,0.4469457462826099,7.72698341494147,C228,22.614830931907555,120.42602017912108,235409.013,2503169.146,11045.36101718726,1000,-11000,0,156.75435988013862,63.456375334400995,NO,2022-12-31,"{""geodesic"":false,""crs"":{""type"":""name"",""properties"":{""name"":""EPSG:32651""}},""type"":""Polygon"",""coordinates"":[[[235010.71545000002,2502770.8484500004],[235807.31055,2502770.8484500004],[235807.31055,2503567.44355],[235010.71545000002,2503567.44355],[235010.71545000002,2502770.8484500004]]]}"
373,0.15239512391960003,33.994576914687,0.07566268115948244,0.058798272426088184,0.06885231055514802,0.31372058270405934,0.28586075799979355,0.30226874100420537,2.3669116827495187,20.00990380450196,24.5638680143635,18.073812912207877,0.7677246110590574,60.70173670380508,0.1645119463983761,0.07388597058731883,0.1630628904889535,0.44468432781435696,0.3797298684748917,0.4496405167460263,7.720845434769142,C374,22.769182039949428,120.48154114306128,241409.013,2520169.146,9219.544457292888,7000,6000,0,157.5753101161052,63.456375334400995,NO,2022-12-31,"{""geodesic"":false,""crs"":{""type"":""name"",""properties"":{""name"":""EPSG:32651""}},""type"":""Polygon"",""coordinates"":[[[241010.71545000002,2519770.8484500004],[241807.31055,2519770.8484500004],[241807.31055,2520567.44355],[241010.71545000002,2520567.44355],[241010.71545000002,2519770.8484500004]]]}"
9,0.16163278371245252,12.565763251676023,0.036623678085467376,-0.005324673392203017,0.03126818009816946,0.32689564928817005,0.2815888467836168,0.32144745813580383,3.475330058637392,28.03905350600366,29.440306822050918,27.540457786014283,0.758486951266205,82.13055036681607,0.20355094947239116,0.13800891640561003,0.2006470209459321,0.43150926123024624,0.38400177969106847,0.4304617996144278,6.61242705888127,C010,22.74827339438686,120.30673467895821,223409.013,2518169.146,11704.699910719624,-11000,4000,0,158.28932696862964,63.456375334400995,NO,2022-12-31,"{""geodesic"":false,""crs"":{""type"":""name"",""properties"":{""name"":""EPSG:32651""}},""type"":""Polygon"",""coordinates"":[[[223010.71545000002,2517770.8484500004],[223807.31055,2517770.8484500004],[223807.31055,2518567.44355],[223010.71545000002,2518567.44355],[223010.71545000002,2517770.8484500004]]]}"
409,0.21336095959443047,29.80760838600798,0.027153238626641003,0.02703243717391289,0.032882287879575214,0.29004061999048847,0.28216536629730493,0.2903596664686668,3.205230251772935,30.334018428355694,32.778075558606744,19.758518835272508,0.706758775384227,64.8887052324841,0.21302138893121753,0.10565180583949411,0.19903291316452631,0.46836429052792783,0.3834252601773803,0.46154959128156486,6.882526865745726,C410,22.661337733926,120.51269628025491,244409.013,2508169.146,11661.903789690601,10000,-6000,0,159.2165645696166,63.456375334400995,NO,2022-12-31,"{""geodesic"":false,""crs"":{""type"":""name"",""properties"":{""name"":""EPSG:32651""}},""type"":""Polygon"",""coordinates"":[[[244010.71545000002,2507770.8484500004],[244807.31055,2507770.8484500004],[244807.31055,2508567.44355],[244010.71545000002,2508567.44355],[244010.71545000002,2507770.8484500004]]]}"
85,0.19931877743289567,23.107124473279118,0.029544898118387036,-0.00513829097419741,0.027492156602400453,0.29167745773553305,0.27100571406557983,0.31533346632791825,3.2501585359960585,23.465659251532625,28.418887612489133,20.69267617766414,0.7208009575457619,71.58918914521297,0.2106297294394715,0.1378225339876044,0.2044230444417011,0.46672745278288325,0.3945849124091054,0.4365757914223134,6.837598581522602,C086,22.722014472200755,120.3559021456563,228409.013,2515169.146,6082.76253029822,-6000,1000,0,160.36339131293744,63.456375334400995,NO,2022-12-31,"{""geodesic"":false,""crs"":{""type"":""name"",""properties"":{""name"":""EPSG:32651""}},""type"":""Polygon"",""coordinates"":[[[228010.71545000002,2514770.8484500004],[228807.31055,2514770.8484500004],[228807.31055,2515567.44355],[228010.71545000002,2515567.44355],[228010.71545000002,2514770.8484500004]]]}"
398,0.20519543437516782,31.67250954261566,0.033489533029937506,0.007204040540340185,0.028557521288848278,0.29820788113823254,0.2592807581359079,0.2931817932611516,3.2715993156593024,27.1280907291565,29.667854562936792,18.516150919471226,0.7149243006034897,63.02380407587643,0.20668509452792103,0.12548020247306682,0.20335767975525326,0.46019702938018375,0.40630986833877736,0.45872746448908003,6.816157801859359,C399,22.688261972008366,120.50248125399294,243409.013,2511169.146,9486.832980505138,9000,-3000,0,162.08378698644808,63.456375334400995,NO,2022-12-31,"{""geodesic"":false,""crs"":{""type"":""name"",""properties"":{""name"":""EPSG:32651""}},""type"":""Polygon"",""coordinates"":[[[243010.71545000002,2510770.8484500004],[243807.31055,2510770.8484500004],[243807.31055,2511567.44355],[243010.71545000002,2511567.44355],[243010.71545000002,2510770.8484500004]]]}"
396,0.18844418133719582,27.844613404339363,0.013732508633871267,0.006534025643584347,0.016455273512243133,0.29167542598513924,0.28328161018593995,0.31100953218575234,3.0429690973716625,28.42802825491715,32.42634559068433,15.528325053900238,0.7316755536414616,66.85170021415271,0.22644211892398727,0.12615021736982265,0.21545992753185841,0.46672948453327706,0.3823090162887453,0.4408997255644793,7.044788020146999,C397,22.67021159404384,120.50280836379636,243409.013,2509169.146,10295.630140987001,9000,-5000,0,162.43156302660446,63.456375334400995,NO,2022-12-31,"{""geodesic"":false,""crs"":{""type"":""name"",""properties"":{""name"":""EPSG:32651""}},""type"":""Polygon"",""coordinates"":[[[243010.71545000002,2508770.8484500004],[243807.31055,2508770.8484500004],[243807.31055,2509567.44355],[243010.71545000002,2509567.44355],[243010.71545000002,2508770.8484500004]]]}"
62,0.24071367703846128,14.76280737356691,0.017803956710659482,-0.002000532556474124,0.039454753965567586,0.268641386058056,0.24651822143324317,0.2960562610111747,3.7110407962960257,22.529589987313592,25.706717741880663,20.293439216149135,0.6794060579401963,79.93350624492517,0.22237067084719905,0.13468477556988112,0.19246044707853396,0.4897635244603603,0.41907240504144205,0.45585299673905694,6.376716321222636,C063,22.6947810719033,120.34669665637675,227409.013,2512169.146,7280.1098892805185,-7000,-2000,0,163.57431467443536,63.456375334400995,NO,2022-12-31,"{""geodesic"":false,""crs"":{""type"":""name"",""properties"":{""name"":""EPSG:32651""}},""type"":""Polygon"",""coordinates"":[[[227010.71545000002,2511770.8484500004],[227807.31055,2511770.8484500004],[227807.31055,2512567.44355],[227010.71545000002,2512567.44355],[227010.71545000002,2511770.8484500004]]]}"
331,0.15884152615112299,31.06254777487273,0.22150622198118983,0.20650560151808942,0.1752046119959743,0.2835037436458359,0.26894098325273635,0.23137233839248628,3.9434179605094157,19.66475680465582,19.044112621712,11.44437722576062,0.7612782088275345,63.63376584361936,0.018668405576668712,0.07382135850468241,0.05671058904812723,0.4749011668725804,0.3966496432219489,0.5205369193577454,6.144339157009245,C332,22.759848785789984,120.46224437602486,239409.013,2519169.146,7071.067811865475,5000,5000,0,164.60183402491904,63.456375334400995,NO,2022-12-31,"{""geodesic"":false,""crs"":{""type"":""name"",""properties"":{""name"":""EPSG:32651""}},""type"":""Polygon"",""coordinates"":[[[239010.71545000002,2518770.8484500004],[239807.31055,2518770.8484500004],[239807.31055,2519567.44355],[239010.71545000002,2519567.44355],[239010.71545000002,2518770.8484500004]]]}"
165,0.20104902343062048,17.65156120714319,0.024751099611331585,0.0012858975148162008,0.03297280123597404,0.26713687382543505,0.2505390133594724,0.295695576219001,3.545837731527913,25.541206117408297,29.58450490555636,18.89068738347872,0.719070711548037,77.0447524113489,0.21542352794652694,0.1313983454985908,0.1989423998081275,0.49126803669298125,0.4150516131152129,0.45621368153123065,6.541919385990749,C166,22.641433758986228,120.3963485612114,232409.013,2506169.146,8246.211251235321,-2000,-8000,0,168.7166376516288,63.456375334400995,NO,2022-12-31,"{""geodesic"":false,""crs"":{""type"":""name"",""properties"":{""name"":""EPSG:32651""}},""type"":""Polygon"",""coordinates"":[[[232010.71545000002,2505770.8484500004],[232807.31055,2505770.8484500004],[232807.31055,2506567.44355],[232010.71545000002,2506567.44355],[232010.71545000002,2505770.8484500004]]]}"
76,0.2137440854939262,20.258959121084445,0.014811805836418182,7.584877262460642E-4,0.016665481754322895,0.26419747799040044,0.25168051964581706,0.2723889072546553,5.496210287290272,20.69112266393615,28.611666060050624,18.91488610964694,0.7063756494847313,74.43735449740764,0.22536282172144034,0.13192575528716094,0.21524971928977865,0.49420743252801586,0.4139101068288682,0.47952035049557634,4.591546830228389,C077,22.64079712751618,120.35746028122668,228409.013,2506169.146,10000,-6000,-8000,0,170.95366108233853,63.456375334400995,NO,2022-12-31,"{""geodesic"":false,""crs"":{""type"":""name"",""properties"":{""name"":""EPSG:32651""}},""type"":""Polygon"",""coordinates"":[[[228010.71545000002,2505770.8484500004],[228807.31055,2505770.8484500004],[228807.31055,2506567.44355],[228010.71545000002,2506567.44355],[228010.71545000002,2505770.8484500004]]]}"
310,0.26091289096193426,24.500754819816482,0.0920282137063409,0.07804640012282399,0.15049431710435335,0.2392209488678702,0.21245258757233354,0.21313696542071803,4.109216073747563,18.472787865043262,22.30927776442324,16.139596950870487,0.6592068440167232,70.1955587986756,0.14814641385151764,0.054637842890583016,0.0814208839397482,0.519183961650546,0.4531380389023517,0.5387722923295136,5.978541043771099,C311,22.768718487257438,120.45234577152232,238409.013,2520169.146,7211.102550927979,4000,6000,0,171.0533587641855,63.456375334400995,NO,2022-12-31,"{""geodesic"":false,""crs"":{""type"":""name"",""properties"":{""name"":""EPSG:32651""}},""type"":""Polygon"",""coordinates"":[[[238010.71545000002,2519770.8484500004],[238807.31055,2519770.8484500004],[238807.31055,2520567.44355],[238010.71545000002,2520567.44355],[238010.71545000002,2519770.8484500004]]]}"
343,0.16346066502004894,24.68009358159068,0.014405643559932872,-0.011157046396431235,0.01699732836850303,0.28809534033784523,0.2646172058819831,0.2975438569712714,2.828757216333216,23.946028065825953,29.307646389625432,13.396350540423832,0.7566590699586085,70.0162200369014,0.22576898399792567,0.14384128940983823,0.2149178726755985,0.47030957018057107,0.40097342059270213,0.45436540077896026,7.258999901185446,C344,22.67877881191984,120.47346808155831,240409.013,2510169.146,7211.102550927979,6000,-4000,0,171.77286713201335,63.456375334400995,NO,2022-12-31,"{""geodesic"":false,""crs"":{""type"":""name"",""properties"":{""name"":""EPSG:32651""}},""type"":""Polygon"",""coordinates"":[[[240010.71545000002,2509770.8484500004],[240807.31055,2509770.8484500004],[240807.31055,2510567.44355],[240010.71545000002,2510567.44355],[240010.71545000002,2509770.8484500004]]]}"
306,0.21413586262341114,20.8827053879242,0.14287918872291946,0.0752330922147237,0.0766695059118076,0.24606756588027026,0.20466540148728024,0.2571521723845297,2.763590378389562,15.755778867146121,22.075963360805098,13.817632071839805,0.7059838723552464,73.81360823056788,0.09729543883493907,0.057451150798683306,0.15524569513229394,0.5123373446381461,0.460925224987405,0.49475708536570195,7.324166739129099,C307,22.73261944679786,120.45301540932734,238409.013,2516169.146,4472.13595499958,4000,2000,0,172.38053304553011,63.456375334400995,NO,2022-12-31,"{""geodesic"":false,""crs"":{""type"":""name"",""properties"":{""name"":""EPSG:32651""}},""type"":""Polygon"",""coordinates"":[[[238010.71545000002,2515770.8484500004],[238807.31055,2515770.8484500004],[238807.31055,2516567.44355],[238010.71545000002,2516567.44355],[238010.71545000002,2515770.8484500004]]]}"
360,0.20062016960118453,21.45083722278217,0.029176731620972358,0.010778901994244635,0.027265001745215563,0.2601194631928031,0.2542582737730645,0.27508850301946197,2.6759935441322877,27.990902613721964,30.07219822192503,19.618486319006685,0.719499565377473,73.24547639570991,0.21099789593688617,0.12190534101916237,0.20465019929888598,0.4982854473256132,0.4113323527016208,0.4768207547307697,7.411763573386374,C361,22.65185684615121,120.48368768757707,241409.013,2507169.146,9899.494936611665,7000,-7000,0,172.73377673332567,63.456375334400995,NO,2022-12-31,"{""geodesic"":false,""crs"":{""type"":""name"",""properties"":{""name"":""EPSG:32651""}},""type"":""Polygon"",""coordinates"":[[[241010.71545000002,2506770.8484500004],[241807.31055,2506770.8484500004],[241807.31055,2507567.44355],[241010.71545000002,2507567.44355],[241010.71545000002,2506770.8484500004]]]}"
86,0.1731074044023635,25.6993147607904,0.009275142061180916,-0.007362627338218585,0.01763528213833046,0.272987336469833,0.2494068057781326,0.2913130374061447,3.72076199200823,22.399536664839587,28.28919455194974,18.71538627432925,0.747012330576294,68.99699885770168,0.23089948549667763,0.14004687035162558,0.21427991890577108,0.4854175740485833,0.4161838206965527,0.4605962203440869,6.366995125510432,C087,22.73103856448247,120.35572857971415,228409.013,2516169.146,6324.555320336759,-6000,2000,0,174.78142868868252,63.456375334400995,NO,2022-12-31,"{""geodesic"":false,""crs"":{""type"":""name"",""properties"":{""name"":""EPSG:32651""}},""type"":""Polygon"",""coordinates"":[[[228010.71545000002,2515770.8484500004],[228807.31055,2515770.8484500004],[228807.31055,2516567.44355],[228010.71545000002,2516567.44355],[228010.71545000002,2515770.8484500004]]]}"
81,0.20719077877754413,19.55254231841839,0.012857850927755897,-0.0038083147845914115,0.033324131018359356,0.25516260132636603,0.23449769571914764,0.2740442076988194,4.019873977645757,22.006885143180927,26.532635220269583,18.712362669448247,0.7129289562011134,75.1437713000737,0.22731677663010263,0.1364925577979984,0.1985910700257422,0.5032423091920503,0.4310929307555376,0.4778650500514123,6.0678831398729045,C082,22.685917988754177,120.356595529461,228409.013,2511169.146,6708.203932499369,-6000,-3000,0,175.56782183727907,63.456375334400995,NO,2022-12-31,"{""geodesic"":false,""crs"":{""type"":""name"",""properties"":{""name"":""EPSG:32651""}},""type"":""Polygon"",""coordinates"":[[[228010.71545000002,2510770.8484500004],[228807.31055,2510770.8484500004],[228807.31055,2511567.44355],[228010.71545000002,2511567.44355],[228010.71545000002,2510770.8484500004]]]}"
142,0.17292140295760827,16.16330494288023,0.02200682424941725,0.009982472658429584,0.023634534629760725,0.24491397796631711,0.23863927598801918,0.27505625768208497,3.587401380604637,22.923578741950475,30.042353332299246,18.71280820779262,0.7471983320210492,78.53300867561185,0.2181678033084413,0.12270177035497742,0.20828066641434081,0.5134909325520992,0.4269513504866661,0.4768530000681467,6.500355736914024,C143,22.641275483773622,120.38662636065492,231409.013,2506169.146,8544.003745317532,-3000,-8000,0,181.34646389845045,63.456375334400995,NO,2022-12-31,"{""geodesic"":false,""crs"":{""type"":""name"",""properties"":{""name"":""EPSG:32651""}},""type"":""Polygon"",""coordinates"":[[[231010.71545000002,2505770.8484500004],[231807.31055,2505770.8484500004],[231807.31055,2506567.44355],[231010.71545000002,2506567.44355],[231010.71545000002,2505770.8484500004]]]}"
100,0.15654338869914522,20.27400237414469,0.006896743209932119,-0.020148530778225867,0.013481871612532713,0.2663739624297149,0.24217074636748864,0.28774851738129015,3.2194508462038667,22.649161108766314,30.378126106507754,17.692126206614837,0.7635763462795123,74.4223112443474,0.23327788434792643,0.15283277379163288,0.21843332943156882,0.4920309480887014,0.4234198801071966,0.4641607403689415,6.868306271314795,C101,22.668029931156823,120.36666553536378,229409.013,2509169.146,7071.067811865475,-5000,-5000,0,181.34938819547224,63.456375334400995,NO,2022-12-31,"{""geodesic"":false,""crs"":{""type"":""name"",""properties"":{""name"":""EPSG:32651""}},""type"":""Polygon"",""coordinates"":[[[229010.71545000002,2508770.8484500004],[229807.31055,2508770.8484500004],[229807.31055,2509567.44355],[229010.71545000002,2509567.44355],[229010.71545000002,2508770.8484500004]]]}"
278,0.22908827776874907,15.314079197066999,0.0981607791581088,0.01554867798332689,0.1770089288877105,0.21784567364809254,0.20703230434930642,0.21742845831715843,2.0628702390467635,15.016923659692738,21.192866813696362,13.740799880365829,0.6910314572099084,79.38223442142508,0.14201384839974973,0.11713556503008012,0.054906272156391045,0.5405592368703238,0.45855832212537884,0.5344807994330733,8.024886878471898,C279,22.687340304837427,120.4441246599691,237409.013,2511169.146,4242.640687119285,3000,-3000,0,181.8121968196456,63.456375334400995,NO,2022-12-31,"{""geodesic"":false,""crs"":{""type"":""name"",""properties"":{""name"":""EPSG:32651""}},""type"":""Polygon"",""coordinates"":[[[237010.71545000002,2510770.8484500004],[237807.31055,2510770.8484500004],[237807.31055,2511567.44355],[237010.71545000002,2511567.44355],[237010.71545000002,2510770.8484500004]]]}"
307,0.23421598537200572,22.007701448524855,0.11538791131360164,0.08507373154209086,0.06319610642345547,0.1994145822530342,0.20011880848384098,0.2316833270490174,2.3664370188877237,16.031586876578455,20.343832630832843,16.43366514919973,0.6859037496066518,72.68861216996723,0.1247867162442569,0.04761051147131615,0.16871909462064608,0.5589903282653821,0.46547181799084425,0.5202259307012143,7.721320098630938,C308,22.741644223949073,120.45284812716912,238409.013,2517169.146,5000,4000,3000,0,183.91091928156064,63.456375334400995,NO,2022-12-31,"{""geodesic"":false,""crs"":{""type"":""name"",""properties"":{""name"":""EPSG:32651""}},""type"":""Polygon"",""coordinates"":[[[238010.71545000002,2516770.8484500004],[238807.31055,2516770.8484500004],[238807.31055,2517567.44355],[238010.71545000002,2517567.44355],[238010.71545000002,2516770.8484500004]]]}"
44,0.18090587029210872,14.454883526636818,0.03291362383423812,0.017520931493234724,0.03394684702873409,0.24206739999785246,0.22072373778795928,0.254547292870499,3.5966990417832956,25.241427403512514,29.253388964861777,23.002495879851683,0.7392138646865488,80.24143009185526,0.2072610037236204,0.11516331152017228,0.19796835401536744,0.5163375105205639,0.44486688868672597,0.49736196487973267,6.491058075735365,C045,22.69461942712676,120.33697108556778,226409.013,2512169.146,8246.211251235321,-8000,-2000,0,184.5609649911816,63.456375334400995,NO,2022-12-31,"{""geodesic"":false,""crs"":{""type"":""name"",""properties"":{""name"":""EPSG:32651""}},""type"":""Polygon"",""coordinates"":[[[226010.71545000002,2511770.8484500004],[226807.31055,2511770.8484500004],[226807.31055,2512567.44355],[226010.71545000002,2512567.44355],[226010.71545000002,2511770.8484500004]]]}"
68,0.1847587573620422,21.600979319234714,0.002737017774291639,-0.024794043871171314,-0.006111813653194194,0.2560269625892575,0.23256793759881736,0.2609312788607982,2.5812811152081565,26.314115655821936,29.14768885480581,23.719132874859323,0.7353609776166153,73.09533429925737,0.2374376097835669,0.15747828688457832,0.23802701469729573,0.5023779479291588,0.4330226888758679,0.49097797888943345,7.506476002310505,C069,22.74892523358025,120.34565170522959,227409.013,2518169.146,8062.25774829855,-7000,4000,0,186.482210165861,63.456375334400995,NO,2022-12-31,"{""geodesic"":false,""crs"":{""type"":""name"",""properties"":{""name"":""EPSG:32651""}},""type"":""Polygon"",""coordinates"":[[[227010.71545000002,2517770.8484500004],[227807.31055,2517770.8484500004],[227807.31055,2518567.44355],[227010.71545000002,2518567.44355],[227010.71545000002,2517770.8484500004]]]}"
304,0.17113368807495888,18.078130493917214,0.16358328557177457,0.14020516525011328,0.1539122236254864,0.19123279975145757,0.22942341171628755,0.21865752218184792,2.092450190187148,19.692121263054844,20.205202849715146,13.127034043207935,0.7489860469036986,76.61818312457487,0.07659134198608397,0.007520922236706279,0.07800297741861514,0.5671721107669587,0.4361672147583977,0.5332517355683837,7.995306927331513,C305,22.714569858445643,120.4533497192069,238409.013,2514169.146,4000,4000,0,0,187.43235995942038,63.456375334400995,NO,2022-12-31,"{""geodesic"":false,""crs"":{""type"":""name"",""properties"":{""name"":""EPSG:32651""}},""type"":""Polygon"",""coordinates"":[[[238010.71545000002,2513770.8484500004],[238807.31055,2513770.8484500004],[238807.31055,2514567.44355],[238010.71545000002,2514567.44355],[238010.71545000002,2513770.8484500004]]]}"
141,0.1583063857818267,15.775779892934832,0.02177551478067278,0.005380465972457539,0.012951440646268794,0.2471264972583717,0.22169601257313973,0.2557653476020908,3.086180925022295,22.13019050626376,28.94516108899211,19.217764435658648,0.7618133491968309,78.92053372555725,0.21839911277718577,0.12730377704094947,0.21896376039783275,0.5112784132600445,0.4438946139015455,0.49614391014814085,7.001576192496366,C142,22.63225106597759,120.38679714688249,231409.013,2505169.146,9486.832980505138,-3000,-9000,0,189.7784261164233,63.456375334400995,NO,2022-12-31,"{""geodesic"":false,""crs"":{""type"":""name"",""properties"":{""name"":""EPSG:32651""}},""type"":""Polygon"",""coordinates"":[[[231010.71545000002,2504770.8484500004],[231807.31055,2504770.8484500004],[231807.31055,2505567.44355],[231010.71545000002,2505567.44355],[231010.71545000002,2504770.8484500004]]]}"
17,0.1454741399287012,18.947066831369586,0.00395131204401237,-0.009043390571374713,0.01261648798469268,0.24049401331588627,0.2178399142551564,0.26095626228852475,4.068162582899762,28.40266161270045,28.79918455977904,23.168606910973264,0.7746455950499563,75.7492467871225,0.23622331551384618,0.14172763358478171,0.21929871305940887,0.51791089720253,0.4477507122195289,0.4909529954617069,6.019594534618899,C018,22.721365856236808,120.31699240780661,224409.013,2515169.146,10049.875621120891,-10000,1000,0,193.5622768964322,63.456375334400995,NO,2022-12-31,"{""geodesic"":false,""crs"":{""type"":""name"",""properties"":{""name"":""EPSG:32651""}},""type"":""Polygon"",""coordinates"":[[[224010.71545000002,2514770.8484500004],[224807.31055,2514770.8484500004],[224807.31055,2515567.44355],[224010.71545000002,2515567.44355],[224010.71545000002,2514770.8484500004]]]}"
253,0.14940993111187287,13.01320548463263,0.15271001607367526,0.05696040056029406,0.15546504945292136,0.2552174400472175,0.20088567607237778,0.17264310190327953,1.4151288015340855,16.21235865280573,17.911573306506266,11.335689660546699,0.7707098038667847,81.68310813385945,0.08746461148418327,0.07572384245311295,0.07645015159118018,0.5031874704711987,0.46470495040230747,0.5792661558469521,8.672628315984575,C254,22.66913520134994,120.43473485994329,236409.013,2509169.146,5385.164807134504,2000,-5000,0,194.02491941460502,63.456375334400995,NO,2022-12-31,"{""geodesic"":false,""crs"":{""type"":""name"",""properties"":{""name"":""EPSG:32651""}},""type"":""Polygon"",""coordinates"":[[[236010.71545000002,2508770.8484500004],[236807.31055,2508770.8484500004],[236807.31055,2509567.44355],[236010.71545000002,2509567.44355],[236010.71545000002,2508770.8484500004]]]}"
5,0.10873669178201101,17.993619717883337,0.007254320438645583,-0.014345129713624692,0.0013584445818447587,0.25576042849364794,0.2396979394044758,0.2616841024111481,4.196721790049572,31.325487079696945,33.44936713162905,27.865783582066523,0.8113830431966464,76.70269390060875,0.23292030711921297,0.1470293727270317,0.2305567564622568,0.5026444820247684,0.42589268707020944,0.49022515533908356,5.89103532746909,C006,22.712178479698036,120.30744185546749,223409.013,2514169.146,11000,-11000,0,0,194.5777276524355,63.456375334400995,NO,2022-12-31,"{""geodesic"":false,""crs"":{""type"":""name"",""properties"":{""name"":""EPSG:32651""}},""type"":""Polygon"",""coordinates"":[[[223010.71545000002,2513770.8484500004],[223807.31055,2513770.8484500004],[223807.31055,2514567.44355],[223010.71545000002,2514567.44355],[223010.71545000002,2513770.8484500004]]]}"
345,0.06719224948664226,23.820162556611457,-0.01128711613920758,-0.13319364718270266,-0.04395261092558526,0.3479756369817109,0.22108254418945628,0.3258198564475461,3.6467781591061805,23.71281994874759,29.156486537759175,19.433105291030433,0.8529274854920152,70.87615106188062,0.25146174369706614,0.26587789019610963,0.2758678119696868,0.4104292735367054,0.444508082285229,0.4260894013026856,6.440978958412481,C346,22.696828763078578,120.47313699188544,240409.013,2512169.146,6324.555320336759,6000,-2000,0,194.61242674395115,63.456375334400995,NO,2022-12-31,"{""geodesic"":false,""crs"":{""type"":""name"",""properties"":{""name"":""EPSG:32651""}},""type"":""Polygon"",""coordinates"":[[[240010.71545000002,2511770.8484500004],[240807.31055,2511770.8484500004],[240807.31055,2512567.44355],[240010.71545000002,2512567.44355],[240010.71545000002,2511770.8484500004]]]}"
322,0.11489513164391275,22.631573158199448,-0.050523619588121065,-0.0792040386667519,-0.01889499703862347,0.2695921469389291,0.23266914173001463,0.31009963114660793,4.264929104134821,26.377677478438375,28.706468092101,19.123787360182103,0.8052246033347448,72.06474046029264,0.2906982471459796,0.21188828168015889,0.25081019808272503,0.4888127635794872,0.4329214847446706,0.4418096266036237,5.82282801338384,C323,22.67862497361424,120.46374265956096,239409.013,2510169.146,6403.1242374328485,5000,-4000,0,195.04703000905698,63.456375334400995,NO,2022-12-31,"{""geodesic"":false,""crs"":{""type"":""name"",""properties"":{""name"":""EPSG:32651""}},""type"":""Polygon"",""coordinates"":[[[239010.71545000002,2509770.8484500004],[239807.31055,2509770.8484500004],[239807.31055,2510567.44355],[239010.71545000002,2510567.44355],[239010.71545000002,2509770.8484500004]]]}"
361,0.11398366277011125,23.93413695020663,0.0012859952881094873,-0.009828297576074327,-1.6299964949026045E-4,0.2396759487743575,0.23921764139752655,0.26794336855929246,3.5988253960182326,26.81432112253416,28.190652716764237,17.500388378431925,0.8061360722085462,70.76217666828546,0.23888863226974905,0.14251254058948132,0.2320782006935918,0.5187289617440588,0.4263729850771587,0.4839658891909392,6.488931721500428,C362,22.660881928911888,120.48352307124328,241409.013,2508169.146,9219.544457292888,7000,-6000,0,196.05963144731328,63.456375334400995,NO,2022-12-31,"{""geodesic"":false,""crs"":{""type"":""name"",""properties"":{""name"":""EPSG:32651""}},""type"":""Polygon"",""coordinates"":[[[241010.71545000002,2507770.8484500004],[241807.31055,2507770.8484500004],[241807.31055,2508567.44355],[241010.71545000002,2508567.44355],[241010.71545000002,2507770.8484500004]]]}"
48,0.13798526448354909,19.7328722639712,0.009949476086877693,-0.016486892932133314,0.00932699252114637,0.23981558220726149,0.20725098519533783,0.24619588789597924,4.702870982762109,29.56810217349787,30.08997340982667,21.776654903053664,0.7821344704951084,74.96344135452088,0.23022515147098085,0.14917113594554032,0.22258820852295516,0.5185893283111548,0.45833964127934745,0.5057133698542524,5.384886134756552,C049,22.73071529549858,120.33627226004027,226409.013,2516169.146,8246.211251235321,-8000,2000,0,198.29059722029945,63.456375334400995,NO,2022-12-31,"{""geodesic"":false,""crs"":{""type"":""name"",""properties"":{""name"":""EPSG:32651""}},""type"":""Polygon"",""coordinates"":[[[226010.71545000002,2515770.8484500004],[226807.31055,2515770.8484500004],[226807.31055,2516567.44355],[226010.71545000002,2516567.44355],[226010.71545000002,2515770.8484500004]]]}"
95,0.16061935391378523,17.971439818027548,-0.0032167281823761123,-0.00902181146636752,0.0014596098279513053,0.22889993840265177,0.2098838277853636,0.24100029402570328,4.092701663919661,23.28182555783436,29.342254399304903,21.823152792462526,0.7595003810648723,76.72487380046454,0.24339135574023466,0.14170605447977452,0.23045559121615022,0.5295049721157645,0.4557067986893216,0.5109089637245283,5.995055453599,C096,22.62290860229016,120.3675262396035,229409.013,2504169.146,11180.339887498949,-5000,-10000,0,198.71157476695882,63.456375334400995,NO,2022-12-31,"{""geodesic"":false,""crs"":{""type"":""name"",""properties"":{""name"":""EPSG:32651""}},""type"":""Polygon"",""coordinates"":[[[229010.71545000002,2503770.8484500004],[229807.31055,2503770.8484500004],[229807.31055,2504567.44355],[229010.71545000002,2504567.44355],[229010.71545000002,2503770.8484500004]]]}"
342,0.10103400736714009,22.76394501031039,-0.011566127288212458,-0.041142398003340755,-0.012662555866178076,0.25760846037239954,0.2270469554013072,0.2649383496924329,2.812643084173919,26.581104972170845,31.701489309242532,15.307947328840031,0.8190857276115174,71.93236860818169,0.251740754846071,0.17382664101674777,0.2445777569102796,0.5007964501460167,0.43854367107337805,0.48697090805779875,7.275114033344742,C343,22.669753819371923,120.47363350034156,240409.013,2509169.146,7810.249675906654,6000,-5000,0,201.5782315616165,63.456375334400995,NO,2022-12-31,"{""geodesic"":false,""crs"":{""type"":""name"",""properties"":{""name"":""EPSG:32651""}},""type"":""Polygon"",""coordinates"":[[[240010.71545000002,2508770.8484500004],[240807.31055,2508770.8484500004],[240807.31055,2509567.44355],[240010.71545000002,2509567.44355],[240010.71545000002,2508770.8484500004]]]}"
397,0.14899086491907668,30.317547722347342,0.0033265904476357825,-0.0089561248286895,0.00301669977825951,0.22611395429708167,0.20994306030850263,0.23700152933565746,2.6758821016617853,27.78262301585581,30.429676932174942,15.31620492786415,0.7711288700595809,64.37876589614474,0.23684803711022276,0.1416403678420965,0.22889850126584205,0.5322909562213346,0.4556475661661826,0.5149077284145742,7.411875015856876,C398,22.67923678866884,120.50264485042483,243409.013,2510169.146,9848.857801796104,9000,-4000,0,201.85801484047815,63.456375334400995,NO,2022-12-31,"{""geodesic"":false,""crs"":{""type"":""name"",""properties"":{""name"":""EPSG:32651""}},""type"":""Polygon"",""coordinates"":[[[243010.71545000002,2509770.8484500004],[243807.31055,2509770.8484500004],[243807.31055,2510567.44355],[243010.71545000002,2510567.44355],[243010.71545000002,2509770.8484500004]]]}"
117,0.13707194177475004,20.429600924940054,0.0012389287417071623,-0.013114432160343564,-0.0064116422859865465,0.22774934435037758,0.2060119109307797,0.23424761358560864,3.9760127239516825,21.541445880067972,29.312457709389097,19.268833264226483,0.7830477932039075,74.26671269355202,0.23893569881615137,0.14579867517375056,0.23832684333008808,0.5306555661680388,0.45957871554390556,0.517661644164623,6.111744393566979,C118,22.623067913505558,120.37724699940829,230409.013,2504169.146,10770.329614269009,-4000,-10000,0,204.6203755090908,63.456375334400995,NO,2022-12-31,"{""geodesic"":false,""crs"":{""type"":""name"",""properties"":{""name"":""EPSG:32651""}},""type"":""Polygon"",""coordinates"":[[[230010.71545000002,2503770.8484500004],[230807.31055,2503770.8484500004],[230807.31055,2504567.44355],[230010.71545000002,2504567.44355],[230010.71545000002,2503770.8484500004]]]}"
255,0.13545910532687086,20.759841855515784,0.06773615601718057,0.045587044039927034,0.13604389203712075,0.20741256375421233,0.1825278395382985,0.19283444472653702,2.9074774015090274,24.29307524654458,26.324647292443036,12.25001869283621,0.7846606296517866,73.9364717629763,0.17243847154067798,0.08709719897347998,0.09587130900698079,0.5509923467642039,0.48306278693638677,0.5590748130236947,7.180279716009634,C256,22.687184628946767,120.4343988566509,236409.013,2511169.146,3605.5512754639894,2000,-3000,0,205.76633508077398,63.456375334400995,NO,2022-12-31,"{""geodesic"":false,""crs"":{""type"":""name"",""properties"":{""name"":""EPSG:32651""}},""type"":""Polygon"",""coordinates"":[[[236010.71545000002,2510770.8484500004],[236807.31055,2510770.8484500004],[236807.31055,2511567.44355],[236010.71545000002,2511567.44355],[236010.71545000002,2510770.8484500004]]]}"
139,0.09774901175145971,19.33679732701706,0.017305750770023273,-0.031706104530185554,-0.008988557392357604,0.28057858161267524,0.1855091229029197,0.23321960625535523,3.1718615881531513,26.161942374157075,27.66701786540784,20.05383104271417,0.8223707232271978,75.35951629147502,0.22286887678783526,0.16439034754359255,0.24090375843645914,0.47782632890574106,0.48008150357176554,0.5186896514948764,6.91589552936551,C140,22.614202196277915,120.38713845896177,231409.013,2503169.146,11401.75425099138,-3000,-11000,0,206.40403213688134,63.456375334400995,NO,2022-12-31,"{""geodesic"":false,""crs"":{""type"":""name"",""properties"":{""name"":""EPSG:32651""}},""type"":""Polygon"",""coordinates"":[[[231010.71545000002,2502770.8484500004],[231807.31055,2502770.8484500004],[231807.31055,2503567.44355],[231010.71545000002,2503567.44355],[231010.71545000002,2502770.8484500004]]]}"
341,0.07846974572181215,23.586811694238314,0.017788375858796855,-0.009242997407499986,-0.005287390614168187,0.26582155938211033,0.24209214880014665,0.20262643034538397,3.680236477368008,27.47468310235576,31.45136680164643,15.654105286704892,0.8416499892568454,71.10950192425378,0.22238625169906168,0.14192724042090699,0.23720259165826973,0.49258335113630597,0.42349847767453863,0.5492828274048477,6.407520640150653,C342,22.660728815516702,120.47379883512205,240409.013,2508169.146,8485.28137423857,6000,-6000,0,207.046965791367,63.456375334400995,NO,2022-12-31,"{""geodesic"":false,""crs"":{""type"":""name"",""properties"":{""name"":""EPSG:32651""}},""type"":""Polygon"",""coordinates"":[[[240010.71545000002,2507770.8484500004],[240807.31055,2507770.8484500004],[240807.31055,2508567.44355],[240010.71545000002,2508567.44355],[240010.71545000002,2507770.8484500004]]]}"
65,0.13158767990696213,20.183906611208158,0.01055578573612941,-0.016145893110670703,0.013094115671642101,0.21726956478466225,0.1942347185880314,0.23321831116051125,3.6006704661190274,27.5685304093824,29.480363870733314,18.726855333514212,0.7885320550716954,74.51240700728393,0.22961884182172912,0.1488301361240777,0.21882108537245945,0.541135345733754,0.4713559078866538,0.5186909465897204,6.487086651399634,C066,22.72185320424362,120.34617457835434,227409.013,2515169.146,7071.067811865475,-7000,1000,0,207.4832823187382,63.456375334400995,NO,2022-12-31,"{""geodesic"":false,""crs"":{""type"":""name"",""properties"":{""name"":""EPSG:32651""}},""type"":""Polygon"",""coordinates"":[[[227010.71545000002,2514770.8484500004],[227807.31055,2514770.8484500004],[227807.31055,2515567.44355],[227010.71545000002,2515567.44355],[227010.71545000002,2514770.8484500004]]]}"
395,0.11083214327425546,26.44843403468026,-0.0015210998958899834,-0.002725543719795622,-0.0054831940244008375,0.23147106585405092,0.21635377276169943,0.22641048405392056,3.0112901047446607,29.709704270061735,31.53417513920749,18.436322930641218,0.809287591704402,68.24787958381182,0.2416957274537485,0.13540978673320261,0.23739839506850238,0.5269338446643654,0.44923685371298583,0.525498773696311,7.076467012774001,C396,22.66118638813714,120.50297179413184,243409.013,2508169.146,10816.653826391968,9000,-6000,0,208.3169353555718,63.456375334400995,NO,2022-12-31,"{""geodesic"":false,""crs"":{""type"":""name"",""properties"":{""name"":""EPSG:32651""}},""type"":""Polygon"",""coordinates"":[[[243010.71545000002,2507770.8484500004],[243807.31055,2507770.8484500004],[243807.31055,2508567.44355],[243010.71545000002,2508567.44355],[243010.71545000002,2507770.8484500004]]]}"
364,0.12728740065761682,28.59346201831957,0.0025448247490171033,-0.006630682540321691,0.004118709688584718,0.22471582417379304,0.21146727723035372,0.21342529371401978,3.0600432665834383,25.94251195878061,29.246522360030827,18.05374885602933,0.7928323343210407,66.10285160017251,0.23762980280884144,0.1393149255537287,0.22779649135551683,0.5336890863446233,0.4541233492443315,0.5384839640362119,7.027713850935223,C365,22.6879571094091,120.48302872020753,241409.013,2511169.146,7615.773105863908,7000,-3000,0,208.71955691550494,63.456375334400995,NO,2022-12-31,"{""geodesic"":false,""crs"":{""type"":""name"",""properties"":{""name"":""EPSG:32651""}},""type"":""Polygon"",""coordinates"":[[[241010.71545000002,2510770.8484500004],[241807.31055,2510770.8484500004],[241807.31055,2511567.44355],[241010.71545000002,2511567.44355],[241010.71545000002,2510770.8484500004]]]}"
61,0.11653145000176111,14.015416491839748,0.0012200428413617775,-0.028379621537158534,0.0034823737067371683,0.22522741679602268,0.18519862985067692,0.23279434329080093,4.222265974219138,21.98763801029125,27.963617252282894,20.869918252056078,0.8035882849768964,80.68089712665234,0.23895458471649675,0.16106386455056554,0.22843282733736436,0.5331774937223936,0.48039199662400833,0.5191149144594307,5.865491143299523,C062,22.685757004918184,120.34687050581546,227409.013,2511169.146,7615.773105863908,-7000,-3000,0,211.59498764839563,63.456375334400995,NO,2022-12-31,"{""geodesic"":false,""crs"":{""type"":""name"",""properties"":{""name"":""EPSG:32651""}},""type"":""Polygon"",""coordinates"":[[[227010.71545000002,2510770.8484500004],[227807.31055,2510770.8484500004],[227807.31055,2511567.44355],[227010.71545000002,2511567.44355],[227010.71545000002,2510770.8484500004]]]}"
302,0.18648467774477234,17.68899322546897,0.06003021046196093,0.020030835102237184,0.12135835660112643,0.17098256587014052,0.15775905239800514,0.18453703808510624,2.123192607150912,14.83345022792901,18.104327654212792,12.880894191131619,0.7336350572338852,77.00732039302312,0.18014441709589762,0.11265340791116982,0.11055684444297512,0.5874223446482758,0.5078315740766801,0.5673722196651254,7.964564510367749,C303,22.69652022471908,120.4536836900027,238409.013,2512169.146,4472.13595499958,4000,-2000,0,212.31511061890572,63.456375334400995,NO,2022-12-31,"{""geodesic"":false,""crs"":{""type"":""name"",""properties"":{""name"":""EPSG:32651""}},""type"":""Polygon"",""coordinates"":[[[238010.71545000002,2511770.8484500004],[238807.31055,2511770.8484500004],[238807.31055,2512567.44355],[238010.71545000002,2512567.44355],[238010.71545000002,2511770.8484500004]]]}"
299,0.034243422129969836,19.54949708546238,-0.04526864394499323,-0.1135604037849046,-0.04846650561167485,0.27247334982140864,0.2156448163443591,0.31523766393983166,2.5551156764613365,26.85386898453711,25.903269979552185,19.123455523717627,0.8858763128486877,75.1468165330297,0.28544327150285176,0.2462446467983116,0.2803817066557764,0.48593156069700766,0.44994581013032614,0.4366715938104,7.532641441057325,C300,22.669445689119016,120.45418401084828,238409.013,2509169.146,6403.1242374328485,4000,-5000,0,215.83898719343344,63.456375334400995,NO,2022-12-31,"{""geodesic"":false,""crs"":{""type"":""name"",""properties"":{""name"":""EPSG:32651""}},""type"":""Polygon"",""coordinates"":[[[238010.71545000002,2508770.8484500004],[238807.31055,2508770.8484500004],[238807.31055,2509567.44355],[238010.71545000002,2509567.44355],[238010.71545000002,2508770.8484500004]]]}"
119,0.12291111417337151,14.285022805260189,-0.01294152893525422,-0.018193062981787016,-0.015800412948154607,0.19905917941511564,0.19419223282850623,0.2141369421797592,3.440927786667732,21.49740432203091,30.354616389013657,19.080984781868477,0.797208620805286,80.4112908132319,0.25311615649311275,0.15087730599519403,0.24771561399225614,0.5593457311033007,0.471398393646179,0.5377723155704724,6.646829330850929,C120,22.64111662011007,120.37690424692411,230409.013,2506169.146,8944.27190999916,-4000,-8000,0,219.41461333689028,63.456375334400995,NO,2022-12-31,"{""geodesic"":false,""crs"":{""type"":""name"",""properties"":{""name"":""EPSG:32651""}},""type"":""Polygon"",""coordinates"":[[[230010.71545000002,2505770.8484500004],[230807.31055,2505770.8484500004],[230807.31055,2506567.44355],[230010.71545000002,2506567.44355],[230010.71545000002,2505770.8484500004]]]}"
29,0.08808744168916481,15.58552451480501,0.011720522149863565,-0.006023883390520375,0.0059751550268724776,0.21357070979815126,0.1863729566006129,0.19866531417206112,5.615257834505628,24.62258576613129,29.227205399356176,23.26110895173659,0.8320322932894927,79.11078910368707,0.22845410540799496,0.13870812640392738,0.22594004601722906,0.544834200720265,0.4792176698740723,0.5532439435781705,4.4724992830130335,C030,22.703481105168663,120.32707039421415,225409.013,2513169.146,9055.385138137417,-9000,-1000,0,220.81761291822252,63.456375334400995,NO,2022-12-31,"{""geodesic"":false,""crs"":{""type"":""name"",""properties"":{""name"":""EPSG:32651""}},""type"":""Polygon"",""coordinates"":[[[225010.71545000002,2512770.8484500004],[225807.31055,2512770.8484500004],[225807.31055,2513567.44355],[225010.71545000002,2513567.44355],[225010.71545000002,2512770.8484500004]]]}"
49,0.11111639797388188,20.60477288358472,-0.0015362653537573747,-0.015306214572752956,-0.0015475592628856499,0.19840690862326482,0.1755037792816991,0.20396154667754007,4.565846271811317,26.047002750473187,29.348011792862334,23.953193138091535,0.8090033370047757,74.09154073490737,0.2417108929116159,0.14799045758615997,0.2334627603069872,0.5599980018951515,0.4900868471929861,0.5479477110726916,5.521910845707344,C050,22.739739233956758,120.33609733199033,226409.013,2517169.146,8544.003745317532,-8000,3000,0,222.8396181743251,63.456375334400995,NO,2022-12-31,"{""geodesic"":false,""crs"":{""type"":""name"",""properties"":{""name"":""EPSG:32651""}},""type"":""Polygon"",""coordinates"":[[[226010.71545000002,2516770.8484500004],[226807.31055,2516770.8484500004],[226807.31055,2517567.44355],[226010.71545000002,2517567.44355],[226010.71545000002,2516770.8484500004]]]}"
363,0.05127213247257705,27.175149712624698,-0.0030992383463273225,-0.026918287508038586,-0.01648422322470615,0.22793991090390328,0.20280766873944372,0.21320417322561794,3.211982973371859,27.487223678169347,29.02501873918207,18.168315858878604,0.8688476025060805,67.52116390586738,0.24327386590418587,0.1596025305214456,0.24839942426880768,0.530464999614513,0.46278295773524153,0.5387050845246137,6.875774144146803,C364,22.678932060544625,120.48319358758295,241409.013,2510169.146,8062.25774829855,7000,-4000,0,224.89891638100298,63.456375334400995,NO,2022-12-31,"{""geodesic"":false,""crs"":{""type"":""name"",""properties"":{""name"":""EPSG:32651""}},""type"":""Polygon"",""coordinates"":[[[241010.71545000002,2509770.8484500004],[241807.31055,2509770.8484500004],[241807.31055,2510567.44355],[241010.71545000002,2510567.44355],[241010.71545000002,2509770.8484500004]]]}"
32,0.08589250105205119,19.86694593660994,-0.0138727125023459,-0.029954831127602187,-0.007278851571846618,0.20379052979834253,0.17634844831431318,0.21079813901300523,4.9202798884665935,27.19399209153986,27.970372009068978,21.700401108098934,0.8342272339266064,74.82936768188215,0.25404734006020446,0.1626390741410092,0.23919405261594817,0.5546143807200737,0.4892421781603721,0.5411111187372264,5.167477229052068,C033,22.730552774582637,120.32654423308178,225409.013,2516169.146,9219.544457292888,-9000,2000,0,226.62688551570415,63.456375334400995,NO,2022-12-31,"{""geodesic"":false,""crs"":{""type"":""name"",""properties"":{""name"":""EPSG:32651""}},""type"":""Polygon"",""coordinates"":[[[225010.71545000002,2515770.8484500004],[225807.31055,2515770.8484500004],[225807.31055,2516567.44355],[225010.71545000002,2516567.44355],[225010.71545000002,2515770.8484500004]]]}"
14,0.059868983301272244,14.28915191374475,-0.021912858837487312,-0.05619198570512856,-0.01980597968095062,0.21814671099284416,0.18883344134105098,0.22756433162367476,5.1111190711883125,28.84847432469422,31.453011153289253,24.09752778744172,0.8602507516773853,80.40716170474734,0.26208748639534585,0.18887622871853557,0.2517211807250522,0.5402581995255722,0.4767571851336343,0.5243449261265569,4.976638046330349,C015,22.694294367889967,120.31752021004033,224409.013,2512169.146,10198.03902718557,-10000,-2000,0,226.98820258157872,63.456375334400995,NO,2022-12-31,"{""geodesic"":false,""crs"":{""type"":""name"",""properties"":{""name"":""EPSG:32651""}},""type"":""Polygon"",""coordinates"":[[[224010.71545000002,2511770.8484500004],[224807.31055,2511770.8484500004],[224807.31055,2512567.44355],[224010.71545000002,2512567.44355],[224010.71545000002,2511770.8484500004]]]}"
0,0.09869879321521097,24.37913150302143,-0.013690430078248852,-0.023323681546296396,-0.008855238280350432,0.19645498388931584,0.1802058736489672,0.19734211258190215,4.399275371646032,28.12722498821268,33.695917917129805,30.81777543507958,0.8214209417634466,70.31718211547066,0.2538650576361074,0.15600792455970341,0.24077043932445197,0.5619499266291005,0.485384752825718,0.5545671451683295,5.688481745872629,C001,22.712014330785554,120.29771536938158,222409.013,2514169.146,12000,-12000,0,0,227.51330202448193,63.456375334400995,NO,2022-12-31,"{""geodesic"":false,""crs"":{""type"":""name"",""properties"":{""name"":""EPSG:32651""}},""type"":""Polygon"",""coordinates"":[[[222010.71545000002,2513770.8484500004],[222807.31055,2513770.8484500004],[222807.31055,2514567.44355],[222010.71545000002,2514567.44355],[222010.71545000002,2513770.8484500004]]]}"
96,0.09023665439633857,17.309751728237657,-0.006389909150083132,-0.02204413834443373,-0.018428744127970655,0.19408228260884372,0.17450928372742458,0.20269270484894678,4.358148844258781,24.291564988966574,28.831837391481116,20.20106323616559,0.829883080582319,77.38656189025443,0.24656453670794168,0.15472838135784073,0.2503439451720722,0.5643226279095725,0.4910813427472607,0.5492165529012849,5.72960827325988,C097,22.631932890847747,120.36735427369399,229409.013,2505169.146,10295.630140987001,-5000,-9000,0,229.59120533024216,63.456375334400995,NO,2022-12-31,"{""geodesic"":false,""crs"":{""type"":""name"",""properties"":{""name"":""EPSG:32651""}},""type"":""Polygon"",""coordinates"":[[[229010.71545000002,2504770.8484500004],[229807.31055,2504770.8484500004],[229807.31055,2505567.44355],[229010.71545000002,2505567.44355],[229010.71545000002,2504770.8484500004]]]}"
16,0.05647893703573011,18.13668263642522,-0.012566792820362818,-0.04252085959343738,-0.034658850233772624,0.23308622280005403,0.24610664573198074,0.15696373064312183,3.650638960603481,31.912689315174777,33.358485342653545,25.271402061588063,0.8636407979429274,76.55963098206686,0.25274142037822134,0.17520510260684438,0.26657405127787415,0.5253186877183622,0.41948398074270454,0.5949455271071098,6.43711815691518,C017,22.71234203825481,120.31716843116192,224409.013,2514169.146,10000,-10000,0,0,230.01989169858456,63.456375334400995,NO,2022-12-31,"{""geodesic"":false,""crs"":{""type"":""name"",""properties"":{""name"":""EPSG:32651""}},""type"":""Polygon"",""coordinates"":[[[224010.71545000002,2513770.8484500004],[224807.31055,2513770.8484500004],[224807.31055,2514567.44355],[224010.71545000002,2514567.44355],[224010.71545000002,2513770.8484500004]]]}"
24,0.09524077299975822,12.442548108563045,-0.015336589931884593,-0.02735820751148346,-0.008779921101591396,0.18616237672223004,0.16599669249981341,0.20805805796082386,4.655136773710661,24.135781672616453,34.08901435918791,19.620371669199145,0.8248789619788993,82.25376550992904,0.25551121748974315,0.16004245052489047,0.24069512214569294,0.5722425337961863,0.49959393397487184,0.5438511997894078,5.432620343808001,C025,22.658361427092036,120.32794555102765,225409.013,2508169.146,10816.653826391968,-9000,-6000,0,230.72481800460832,63.456375334400995,NO,2022-12-31,"{""geodesic"":false,""crs"":{""type"":""name"",""properties"":{""name"":""EPSG:32651""}},""type"":""Polygon"",""coordinates"":[[[225010.71545000002,2507770.8484500004],[225807.31055,2507770.8484500004],[225807.31055,2508567.44355],[225010.71545000002,2508567.44355],[225010.71545000002,2507770.8484500004]]]}"
381,0.0649738269395594,29.83110327282208,-0.01872396228317915,-0.029307843949731956,-0.024790163540363418,0.20148164970027543,0.18454016632811993,0.19913015701270537,3.2709214790800374,27.590182584208904,27.48922334818665,17.80012012850784,0.8551459080390981,64.86521034567001,0.2588985898410377,0.16199208696313896,0.25670536458446497,0.5569232608181409,0.48105046014656533,0.5527791007375262,6.816835638438624,C382,22.67908471946785,120.49291917731254,242409.013,2510169.146,8944.27190999916,8000,-4000,0,234.01499182080687,63.456375334400995,NO,2022-12-31,"{""geodesic"":false,""crs"":{""type"":""name"",""properties"":{""name"":""EPSG:32651""}},""type"":""Polygon"",""coordinates"":[[[242010.71545000002,2509770.8484500004],[242807.31055,2509770.8484500004],[242807.31055,2510567.44355],[242010.71545000002,2510567.44355],[242010.71545000002,2509770.8484500004]]]}"
43,0.06626780376785774,14.124320646716518,0.010186063698870334,-0.007448664621279749,-0.021077473847737793,0.2159001793813276,0.1887547637242134,0.15858628679968353,4.2745481354891774,21.923833953235132,29.973783683409426,23.750177813673563,0.8538519312107997,80.57199297177557,0.2299885638589882,0.14013290763468675,0.25299267489183935,0.5425047311370887,0.47683586275047185,0.5933229709505481,5.813208982029484,C044,22.685595431418374,120.33714557041127,226409.013,2511169.146,8544.003745317532,-8000,-3000,0,234.0245735537541,63.456375334400995,NO,2022-12-31,"{""geodesic"":false,""crs"":{""type"":""name"",""properties"":{""name"":""EPSG:32651""}},""type"":""Polygon"",""coordinates"":[[[226010.71545000002,2510770.8484500004],[226807.31055,2510770.8484500004],[226807.31055,2511567.44355],[226010.71545000002,2511567.44355],[226010.71545000002,2510770.8484500004]]]}"
393,0.11495507230883396,29.802570280429595,0.06166203617615505,-0.02765605265135226,0.05544408700736328,0.16900553571063415,0.1361677196742011,0.1654428290273681,2.7248514757131224,16.95191584577821,21.900919316775262,20.03249031216726,0.8051646626698236,64.89374333806249,0.1785125913817035,0.16034029566475927,0.17647111403673826,0.5893993748077822,0.5294229068004841,0.5864664287228636,7.362905641805539,C394,22.78738536776533,120.49094288408229,242409.013,2522169.146,11313.70849898476,8000,8000,0,234.64421313327696,63.456375334400995,NO,2022-12-31,"{""geodesic"":false,""crs"":{""type"":""name"",""properties"":{""name"":""EPSG:32651""}},""type"":""Polygon"",""coordinates"":[[[242010.71545000002,2521770.8484500004],[242807.31055,2521770.8484500004],[242807.31055,2522567.44355],[242010.71545000002,2522567.44355],[242010.71545000002,2521770.8484500004]]]}"
63,0.07262892958949295,18.43228898568655,-0.008698221557091828,-0.04512715815683697,-0.013246189447047658,0.17696476409751152,0.16890976054562717,0.20681141480500068,3.671642884673512,23.74290830870308,26.704937442338057,20.484908856202345,0.8474908053891645,76.26402463280553,0.24887284911495036,0.17781140117024397,0.2451613904911492,0.5814401464209048,0.4966808659290581,0.545097842945231,6.41611423284515,C064,22.70380512745515,120.3465227186709,227409.013,2513169.146,7071.067811865475,-7000,-1000,0,237.2364157622155,63.456375334400995,NO,2022-12-31,"{""geodesic"":false,""crs"":{""type"":""name"",""properties"":{""name"":""EPSG:32651""}},""type"":""Polygon"",""coordinates"":[[[227010.71545000002,2512770.8484500004],[227807.31055,2512770.8484500004],[227807.31055,2513567.44355],[227010.71545000002,2513567.44355],[227010.71545000002,2512770.8484500004]]]}"
55,0.05499401520268286,14.188724110421845,-0.017920980390620816,-0.01895640825999938,-0.021678545699043098,0.19124797535646168,0.17277852657977924,0.20038133231096403,5.158598128694259,23.782265225701313,30.5936313352494,16.668926079565342,0.8651257197759746,80.50758950807024,0.25809560794847936,0.1516406512734064,0.25359374674314467,0.5671569351619546,0.49281209989490604,0.5515279254392677,4.929158988824402,C056,22.631612363125626,120.34791175028029,227409.013,2505169.146,11401.75425099138,-7000,-9000,0,237.30127358622627,63.456375334400995,NO,2022-12-31,"{""geodesic"":false,""crs"":{""type"":""name"",""properties"":{""name"":""EPSG:32651""}},""type"":""Polygon"",""coordinates"":[[[227010.71545000002,2504770.8484500004],[227807.31055,2504770.8484500004],[227807.31055,2505567.44355],[227010.71545000002,2505567.44355],[227010.71545000002,2504770.8484500004]]]}"
60,0.07731975007832452,14.783127258975197,-0.029539374353340104,-0.042783309806674975,-0.019871067188919844,0.1770209393620262,0.1529055797780753,0.18664323612785452,4.179510231557041,22.51268857364081,28.95398719741553,17.755723870041244,0.842799984900333,79.91318635951689,0.26971400191119865,0.17546755282008197,0.2517862682330214,0.5813839711563901,0.51268504669661,0.5652660216223772,5.908246885961621,C061,22.67673292650367,120.34704426701275,227409.013,2510169.146,8062.25774829855,-7000,-4000,0,244.24035628808198,63.456375334400995,NO,2022-12-31,"{""geodesic"":false,""crs"":{""type"":""name"",""properties"":{""name"":""EPSG:32651""}},""type"":""Polygon"",""coordinates"":[[[227010.71545000002,2509770.8484500004],[227807.31055,2509770.8484500004],[227807.31055,2510567.44355],[227010.71545000002,2510567.44355],[227010.71545000002,2509770.8484500004]]]}"
56,0.07118108445639686,13.121311872515465,-0.0029517683968911103,-0.01232738982047366,-0.012883966487099616,0.16489853405288402,0.15019714643996607,0.1678771679000797,5.054579053202402,22.96328788759825,29.841225211908796,15.481956932941262,0.8489386505222607,81.57500174597662,0.24312639595474964,0.14501163283388066,0.24479916753120115,0.5935063764655323,0.5153934800347192,0.584032089850152,5.033178064316259,C057,22.640636498629068,120.3477384299035,227409.013,2506169.146,10630.145812734649,-7000,-8000,0,246.5608806891291,63.456375334400995,NO,2022-12-31,"{""geodesic"":false,""crs"":{""type"":""name"",""properties"":{""name"":""EPSG:32651""}},""type"":""Polygon"",""coordinates"":[[[227010.71545000002,2505770.8484500004],[227807.31055,2505770.8484500004],[227807.31055,2506567.44355],[227010.71545000002,2506567.44355],[227010.71545000002,2505770.8484500004]]]}"
80,0.08262233611635149,17.997007910313876,-0.009771023150216558,-0.02818623256658063,-0.010567702530415774,0.16240780799948157,0.15297185855761716,0.16383995791971287,3.0857230325005407,21.042557872094054,28.581172946120763,16.638445942480367,0.837497398862306,76.6993057081782,0.2499456507080751,0.16087047557998763,0.24248290357451732,0.5959971025189348,0.5126187679170681,0.5880692998305188,7.002034085018121,C081,22.676893839331903,120.35676865554984,228409.013,2510169.146,7211.102550927979,-6000,-4000,0,247.8387578173847,63.456375334400995,NO,2022-12-31,"{""geodesic"":false,""crs"":{""type"":""name"",""properties"":{""name"":""EPSG:32651""}},""type"":""Polygon"",""coordinates"":[[[228010.71545000002,2509770.8484500004],[228807.31055,2509770.8484500004],[228807.31055,2510567.44355],[228010.71545000002,2510567.44355],[228010.71545000002,2509770.8484500004]]]}"
13,0.0625768182877114,18.535451195630845,-0.007348751179368435,-0.018436760364415807,-0.015931941161599572,0.16449448111913226,0.1474191065175181,0.16329230756709415,6.789454182596307,25.32215388437132,34.091559056694564,24.61261522356939,0.8575429166909461,76.16086242286124,0.24752337873722696,0.1511210033778228,0.24784714220570112,0.5939104293992841,0.5181715199571671,0.5886169501831375,3.2983029349223543,C014,22.68527051551488,120.31769596561566,224409.013,2511169.146,10440.30650891055,-10000,-3000,0,249.1920475156339,63.456375334400995,NO,2022-12-31,"{""geodesic"":false,""crs"":{""type"":""name"",""properties"":{""name"":""EPSG:32651""}},""type"":""Polygon"",""coordinates"":[[[224010.71545000002,2510770.8484500004],[224807.31055,2510770.8484500004],[224807.31055,2511567.44355],[224010.71545000002,2511567.44355],[224010.71545000002,2510770.8484500004]]]}"
1,0.06202746518343381,15.426062571874699,-0.009728694024698515,-0.01113925281690007,-0.012152888555918362,0.1530566768512971,0.13621452564966516,0.15834567626344653,6.580336462349495,22.52412426379574,35.728146838562445,21.437071879980255,0.8580922697952237,79.27025104661739,0.24990332158255704,0.14382349583030707,0.2440680896000199,0.6053482336671192,0.5293761008250201,0.5935635814867851,3.5074206551691667,C002,22.676083381370905,120.30814759824075,223409.013,2510169.146,11704.699910719624,-11000,-4000,0,253.91031288707427,63.456375334400995,NO,2022-12-31,"{""geodesic"":false,""crs"":{""type"":""name"",""properties"":{""name"":""EPSG:32651""}},""type"":""Polygon"",""coordinates"":[[[223010.71545000002,2509770.8484500004],[223807.31055,2509770.8484500004],[223807.31055,2510567.44355],[223010.71545000002,2510567.44355],[223010.71545000002,2509770.8484500004]]]}"
12,0.07119529719137807,13.173209365327207,-0.013231730308721807,-0.0147251760829754,-0.015703160934648977,0.15052244593154177,0.14096832029084186,0.1578556536487118,4.636621860122969,22.014078640916438,31.707742294689286,24.686294659657506,0.8489244377872794,81.52310425316487,0.25340635786658033,0.14740941909638242,0.24761836197875053,0.6078824645868746,0.5246223061838434,0.5940536041015199,5.451135257395692,C013,22.676246651683197,120.31787163198318,224409.013,2510169.146,10770.329614269009,-10000,-4000,0,253.9979188309114,63.456375334400995,NO,2022-12-31,"{""geodesic"":false,""crs"":{""type"":""name"",""properties"":{""name"":""EPSG:32651""}},""type"":""Polygon"",""coordinates"":[[[224010.71545000002,2509770.8484500004],[224807.31055,2509770.8484500004],[224807.31055,2510567.44355],[224010.71545000002,2510567.44355],[224010.71545000002,2509770.8484500004]]]}"
382,0.05663218739552862,30.95787468940535,-0.03362211636747289,-0.041933940370962035,-0.03371220206668589,0.16547720350685413,0.15598069252406527,0.16200445172231615,3.3839770868266923,27.057302657719617,28.597787015368873,17.173853881961346,0.8634875475831288,63.73843892908673,0.27379674392533143,0.17461818338436905,0.2656274031107874,0.5929277070115622,0.5096099339506199,0.5899048060279155,6.703780030691969,C383,22.688109835699898,120.49275494539671,242409.013,2511169.146,8544.003745317532,8000,-3000,0,255.47762208310368,63.456375334400995,NO,2022-12-31,"{""geodesic"":false,""crs"":{""type"":""name"",""properties"":{""name"":""EPSG:32651""}},""type"":""Polygon"",""coordinates"":[[[242010.71545000002,2510770.8484500004],[242807.31055,2510770.8484500004],[242807.31055,2511567.44355],[242010.71545000002,2511567.44355],[242010.71545000002,2510770.8484500004]]]}"
66,0.05177081408692136,22.117347755345676,-0.036496452626950456,-0.05290300087052424,-0.02917864682219797,0.16662841204893122,0.1569045930014002,0.1645637050304479,3.454558763380361,25.572011293562845,26.986387907557933,22.425072623985997,0.8683489208917361,72.57896586314641,0.276671080184809,0.18558724388393125,0.2610938478662995,0.5917764984694851,0.508686033473285,0.5873455527197837,6.6331983541383,C067,22.7308772254725,120.34600037569193,227409.013,2516169.146,7280.1098892805185,-7000,2000,0,256.1355503885608,63.456375334400995,NO,2022-12-31,"{""geodesic"":false,""crs"":{""type"":""name"",""properties"":{""name"":""EPSG:32651""}},""type"":""Polygon"",""coordinates"":[[[227010.71545000002,2515770.8484500004],[227807.31055,2515770.8484500004],[227807.31055,2516567.44355],[227010.71545000002,2516567.44355],[227010.71545000002,2515770.8484500004]]]}"
6,0.038231021209726136,23.219424853871427,-0.020429403428503367,-0.018475476776654055,-0.01661356775724082,0.1574291140368041,0.15059571272478364,0.16066251205582768,4.428390221460154,25.629054414382747,30.166659148335853,26.645266201436495,0.8818887137689314,71.47688876462065,0.2606040309863619,0.15115971979006107,0.24852876880134236,0.6009757964816123,0.5149949137499016,0.5912467456944039,5.659366896058508,C007,22.72120222559605,120.30726519581847,223409.013,2515169.146,11045.36101718726,-11000,1000,0,257.0100941727634,63.456375334400995,NO,2022-12-31,"{""geodesic"":false,""crs"":{""type"":""name"",""properties"":{""name"":""EPSG:32651""}},""type"":""Polygon"",""coordinates"":[[[223010.71545000002,2514770.8484500004],[223807.31055,2514770.8484500004],[223807.31055,2515567.44355],[223010.71545000002,2515567.44355],[223010.71545000002,2514770.8484500004]]]}"
380,0.047189987807945075,27.918248348387458,-0.021910161274421483,-0.03681689983538594,-0.03300596989465815,0.16085882936911722,0.14990112453150756,0.16184103497074423,3.922137998769932,27.63768030862641,27.675263105531943,16.124359577251454,0.8729297471707125,66.77806527010463,0.26208478883228004,0.16950114284879295,0.26492117093875966,0.5975460811492991,0.5156895019431778,0.5900682227794875,6.1656191187487295,C381,22.670059591941815,120.49308332584573,242409.013,2509169.146,9433.981132056604,8000,-5000,0,257.30367142641205,63.456375334400995,NO,2022-12-31,"{""geodesic"":false,""crs"":{""type"":""name"",""properties"":{""name"":""EPSG:32651""}},""type"":""Polygon"",""coordinates"":[[[242010.71545000002,2508770.8484500004],[242807.31055,2508770.8484500004],[242807.31055,2509567.44355],[242010.71545000002,2509567.44355],[242010.71545000002,2508770.8484500004]]]}"
23,0.047510083317524245,13.969913493879565,-0.023931862496400034,-0.030662894531804943,-0.022274179629046313,0.15803766561563906,0.13920349588230585,0.1626868507438905,5.003500638974735,20.906215723363328,31.854469627076373,20.9468474608949,0.8726096516611332,80.72640012461252,0.26410649005425857,0.16334713754521196,0.25418938067314784,0.6003672449027773,0.5263871305923794,0.5892224070063412,5.084256478543926,C024,22.649337457153607,120.32812031586312,225409.013,2507169.146,11401.75425099138,-9000,-7000,0,257.9429686080121,63.456375334400995,NO,2022-12-31,"{""geodesic"":false,""crs"":{""type"":""name"",""properties"":{""name"":""EPSG:32651""}},""type"":""Polygon"",""coordinates"":[[[225010.71545000002,2506770.8484500004],[225807.31055,2506770.8484500004],[225807.31055,2507567.44355],[225010.71545000002,2507567.44355],[225010.71545000002,2506770.8484500004]]]}"
97,0.050786427703215786,19.138140368678325,-0.031095483899687488,-0.033097148986473986,-0.032801017602095535,0.158220692589708,0.15062036143701346,0.1563756416738822,4.064123651134127,20.664483672966178,28.15966648272503,19.774059534057056,0.8693333072754417,75.55817324981376,0.27127011145754604,0.16578139199988098,0.2647162186461971,0.6001842179287082,0.5149702650376717,0.5955336160763495,6.023633466384534,C098,22.640957168017064,120.36718222034078,229409.013,2506169.146,9433.981132056604,-5000,-8000,0,258.7350800739323,63.456375334400995,NO,2022-12-31,"{""geodesic"":false,""crs"":{""type"":""name"",""properties"":{""name"":""EPSG:32651""}},""type"":""Polygon"",""coordinates"":[[[229010.71545000002,2505770.8484500004],[229807.31055,2505770.8484500004],[229807.31055,2506567.44355],[229010.71545000002,2506567.44355],[229010.71545000002,2505770.8484500004]]]}"
39,0.04956722221981911,13.652612949531827,-0.02307239757958526,-0.02145321466376482,-0.018960137347237577,0.15747583050127026,0.13155415353152036,0.15337259758010052,4.368357974523921,20.241180225512856,31.98063298578048,17.16779431329935,0.8705525127588384,81.04370066896026,0.2632470251374438,0.15413745767717182,0.25087533839133913,0.6009290800171461,0.5340364729431649,0.5985366601701312,5.719399142994741,C040,22.649499334239273,120.33784262440852,226409.013,2507169.146,10630.145812734649,-8000,-7000,0,260.33464625179727,63.456375334400995,NO,2022-12-31,"{""geodesic"":false,""crs"":{""type"":""name"",""properties"":{""name"":""EPSG:32651""}},""type"":""Polygon"",""coordinates"":[[[226010.71545000002,2506770.8484500004],[226807.31055,2506770.8484500004],[226807.31055,2507567.44355],[226010.71545000002,2507567.44355],[226010.71545000002,2506770.8484500004]]]}"
355,0.09096088593538633,26.40900111044711,0.012695957106161533,0.0394786746697822,0.04009766937011458,0.10441110744204028,0.11281070099803797,0.11539656088782675,2.542492741715483,15.045383734575307,23.971028884603086,15.077693606802825,0.8291588490432712,68.28731250804498,0.227478670451697,0.09320556834362481,0.19181753167398696,0.653993803076376,0.5527799254766472,0.6365126968624049,7.545264375803178,C356,22.787077839142338,120.47147649499432,240409.013,2522169.146,10000,6000,8000,0,266.20790609204306,63.456375334400995,NO,2022-12-31,"{""geodesic"":false,""crs"":{""type"":""name"",""properties"":{""name"":""EPSG:32651""}},""type"":""Polygon"",""coordinates"":[[[240010.71545000002,2521770.8484500004],[240807.31055,2521770.8484500004],[240807.31055,2522567.44355],[240010.71545000002,2522567.44355],[240010.71545000002,2521770.8484500004]]]}"
254,0.08339909298033008,14.657277198385664,0.06569807982985262,0.04910071210563493,0.13733663370561897,0.10451605512503684,0.13909676728893852,0.05967458523266949,2.614692902494895,13.544602343123822,18.392935158413252,9.681691587358557,0.8367206419983274,80.03903642010641,0.17447654772800592,0.08358353090777207,0.09457856733848258,0.6538888553933795,0.5264938591857468,0.6922346725175622,7.473064215023767,C255,22.678159920821216,120.43456690095525,236409.013,2510169.146,4472.13595499958,2000,-4000,0,266.8782995135289,63.456375334400995,NO,2022-12-31,"{""geodesic"":false,""crs"":{""type"":""name"",""properties"":{""name"":""EPSG:32651""}},""type"":""Polygon"",""coordinates"":[[[236010.71545000002,2509770.8484500004],[236807.31055,2509770.8484500004],[236807.31055,2510567.44355],[236010.71545000002,2510567.44355],[236010.71545000002,2509770.8484500004]]]}"
47,0.04280813981870725,18.06759205990108,-0.027216015825991872,-0.03432061014011959,-0.024648578103001417,0.13872924229948783,0.13538387644547153,0.14790733604028405,4.20465941101615,27.499965086107494,27.776486204068917,18.69512138602587,0.8773115951599503,76.628721558591,0.26739064338385043,0.1670048531535266,0.25656377914710293,0.6196756682189285,0.5302067500292137,0.6040019217099476,5.883097706502511,C048,22.721691345582624,120.33644709939703,226409.013,2515169.146,8062.25774829855,-8000,1000,0,266.9166455401259,63.456375334400995,NO,2022-12-31,"{""geodesic"":false,""crs"":{""type"":""name"",""properties"":{""name"":""EPSG:32651""}},""type"":""Polygon"",""coordinates"":[[[226010.71545000002,2514770.8484500004],[226807.31055,2514770.8484500004],[226807.31055,2515567.44355],[226010.71545000002,2515567.44355],[226010.71545000002,2514770.8484500004]]]}"
75,0.02235539623560261,17.671248316872287,-0.028063973426102944,-0.041248488964522864,-0.04368627750161713,0.1366127679129144,0.12998365420566263,0.15308809080799918,4.373308052794064,22.888564742406476,27.382600646246892,17.789904261781217,0.897764338743055,77.0250653016198,0.26823860098396146,0.17393273197792986,0.2756014785457187,0.6217921426055019,0.5356069722690227,0.5988211669422325,5.714449064724597,C076,22.631772921049908,120.35763296810448,228409.013,2505169.146,10816.653826391968,-6000,-9000,0,272.7949640584333,63.456375334400995,NO,2022-12-31,"{""geodesic"":false,""crs"":{""type"":""name"",""properties"":{""name"":""EPSG:32651""}},""type"":""Polygon"",""coordinates"":[[[228010.71545000002,2504770.8484500004],[228807.31055,2504770.8484500004],[228807.31055,2505567.44355],[228010.71545000002,2505567.44355],[228010.71545000002,2504770.8484500004]]]}"
11,0.03591187362777583,14.57680160319648,-0.03157541787082461,-0.03302204516452175,-0.03248685172413334,0.13636624901339114,0.12265197604286836,0.13556905812775108,5.907966144001123,22.02363021676889,31.135232937457126,23.798140232730415,0.8842078613508817,80.1195120152956,0.27175004542868314,0.16570628817792876,0.26440205276823486,0.6220386615050252,0.5429386504318169,0.6163401996224805,4.179790973517538,C012,22.667222776398795,120.31804720916901,224409.013,2509169.146,11180.339887498949,-10000,-5000,0,273.04120333415193,63.456375334400995,NO,2022-12-31,"{""geodesic"":false,""crs"":{""type"":""name"",""properties"":{""name"":""EPSG:32651""}},""type"":""Polygon"",""coordinates"":[[[224010.71545000002,2508770.8484500004],[224807.31055,2508770.8484500004],[224807.31055,2509567.44355],[224010.71545000002,2509567.44355],[224010.71545000002,2508770.8484500004]]]}"
308,0.10349130343107733,20.46726158291551,0.13320587364476608,0.12875141559090883,0.1898756622513431,0.0692173540297285,0.08390070455944842,0.06259354090398177,2.8740201760294646,14.266063634740137,17.746813103152924,12.01348217062701,0.8166284315475801,74.22905203557657,0.10696875391309246,0.003932827422498175,0.04203953879275843,0.6891875564886878,0.5816899219152368,0.6893157168462499,7.213736941489197,C309,22.75066898974528,120.45268076016545,238409.013,2518169.146,5656.85424949238,4000,4000,0,274.3144833384727,63.456375334400995,NO,2022-12-31,"{""geodesic"":false,""crs"":{""type"":""name"",""properties"":{""name"":""EPSG:32651""}},""type"":""Polygon"",""coordinates"":[[[238010.71545000002,2517770.8484500004],[238807.31055,2517770.8484500004],[238807.31055,2518567.44355],[238010.71545000002,2518567.44355],[238010.71545000002,2517770.8484500004]]]}"
362,0.014597714715803988,27.244390449783637,-0.04015757402198155,-0.044896662902830745,-0.0458737756275107,0.14228412722867342,0.12694726912746535,0.13026954385771597,3.2394775562702627,25.293230968684416,28.44303381333243,17.0688007603195,0.9055220202628536,67.45192316870845,0.28033220157984007,0.17758090591623776,0.27778897667161223,0.6161207832897428,0.5386433573472199,0.6216397138925157,6.848279561248399,C363,22.66990700037762,120.48335837125339,241409.013,2509169.146,8602.325267042626,7000,-5000,0,280.02848917766545,63.456375334400995,NO,2022-12-31,"{""geodesic"":false,""crs"":{""type"":""name"",""properties"":{""name"":""EPSG:32651""}},""type"":""Polygon"",""coordinates"":[[[241010.71545000002,2508770.8484500004],[241807.31055,2508770.8484500004],[241807.31055,2509567.44355],[241010.71545000002,2509567.44355],[241010.71545000002,2508770.8484500004]]]}"
42,0.03732573178591657,13.129505205259703,-0.019365948244274216,-0.03855163147901417,-0.036270979893407836,0.11703979697864804,0.10645220050735495,0.11220648206919477,4.511625230933109,22.484457756352924,28.119129290778304,20.007182992670533,0.8827940031927409,81.56680841323238,0.25954057580213274,0.17123587449242117,0.2681861809375094,0.6413651135397682,0.5591384259673303,0.6397027756810368,5.576131886585553,C043,22.67657142427156,120.33731996669123,226409.013,2510169.146,8944.27190999916,-8000,-4000,0,284.46668000560555,63.456375334400995,NO,2022-12-31,"{""geodesic"":false,""crs"":{""type"":""name"",""properties"":{""name"":""EPSG:32651""}},""type"":""Polygon"",""coordinates"":[[[226010.71545000002,2509770.8484500004],[226807.31055,2509770.8484500004],[226807.31055,2510567.44355],[226010.71545000002,2510567.44355],[226010.71545000002,2509770.8484500004]]]}"
74,0.03144722100864686,16.900802525170437,-0.05073336290347201,-0.0501945891865902,-0.05382762239922998,0.12765661586661237,0.10901038504050857,0.12050804013459886,3.915869902625276,22.34106856285149,26.93256428018363,17.71351884454168,0.8886725139700107,77.79551109332165,0.29090799046133053,0.1828788321999972,0.2857428234433315,0.6307482946518039,0.5565802414341767,0.6314012176156328,6.171887214893385,C075,22.62274870318643,120.35780556721696,228409.013,2504169.146,11661.903789690601,-6000,-10000,0,286.4952009233746,63.456375334400995,NO,2022-12-31,"{""geodesic"":false,""crs"":{""type"":""name"",""properties"":{""name"":""EPSG:32651""}},""type"":""Polygon"",""coordinates"":[[[228010.71545000002,2503770.8484500004],[228807.31055,2503770.8484500004],[228807.31055,2504567.44355],[228010.71545000002,2504567.44355],[228010.71545000002,2503770.8484500004]]]}"
309,0.054036695376204584,22.58146399821533,0.06531871442483282,0.10335943940433107,0.07749783414608506,0.10957460148436544,0.0502545743595108,0.05769543997246403,3.083333389246329,14.838341262597563,19.695002122641014,12.42775068507885,0.8660830396024529,72.11484962027676,0.17485591313302573,0.02932480360907594,0.1544173668980165,0.6488303090340508,0.6153360521151745,0.6942138177777676,7.004423728272332,C310,22.75969374418267,120.45251330829147,238409.013,2519169.146,6403.1242374328485,4000,5000,0,287.88078972481964,63.456375334400995,NO,2022-12-31,"{""geodesic"":false,""crs"":{""type"":""name"",""properties"":{""name"":""EPSG:32651""}},""type"":""Polygon"",""coordinates"":[[[238010.71545000002,2518770.8484500004],[238807.31055,2518770.8484500004],[238807.31055,2519567.44355],[238010.71545000002,2519567.44355],[238010.71545000002,2518770.8484500004]]]}"
333,0.10798712449799655,28.834827009387226,0.0767177651862445,0.05552356067773394,0.08841653976438499,0.016765763576906043,0.05618886793840625,0.09610556449522797,3.6247056396968547,12.190166394049907,17.243867050369303,13.860831370842961,0.812132610480661,65.86148660910486,0.16345686237161405,0.07716068233567307,0.14349866127971656,0.7416391469415102,0.609401758536279,0.6558036932550037,6.463051477821807,C334,22.77789839703332,120.46191049447059,239409.013,2521169.146,8602.325267042626,5000,7000,0,288.82862316014047,63.456375334400995,NO,2022-12-31,"{""geodesic"":false,""crs"":{""type"":""name"",""properties"":{""name"":""EPSG:32651""}},""type"":""Polygon"",""coordinates"":[[[239010.71545000002,2520770.8484500004],[239807.31055,2520770.8484500004],[239807.31055,2521567.44355],[239010.71545000002,2521567.44355],[239010.71545000002,2520770.8484500004]]]}"
78,0.12825015896635072,13.406042389791022,0.1054548861938928,0.19296308240948495,0.19612173063533492,0.07520155915932902,0.0747774187524374,-0.027653574123443263,3.0429109640546907,25.923133203606042,29.686345949092395,20.218093182398185,0.7918695760123068,81.29027122870106,0.13471974136396575,0.06027883939607795,0.035793470408766626,0.6832033513590873,0.5908132077222479,0.7795628318736749,7.04484615346397,C079,22.658845506241647,120.35711464407267,228409.013,2508169.146,8485.28137423857,-6000,-6000,0,293.01510127134503,63.456375334400995,NO,2022-12-31,"{""geodesic"":false,""crs"":{""type"":""name"",""properties"":{""name"":""EPSG:32651""}},""type"":""Polygon"",""coordinates"":[[[228010.71545000002,2507770.8484500004],[228807.31055,2507770.8484500004],[228807.31055,2508567.44355],[228010.71545000002,2508567.44355],[228010.71545000002,2507770.8484500004]]]}"
10,0.023671001138872598,11.314050771596998,-0.040977828878884605,-0.041334597266124734,-0.03732606704794426,0.10385585982357727,0.0949155066261066,0.11107102121822247,4.814769373117258,21.370353594307968,32.64656265004474,18.991362982746356,0.896448733839785,83.38226284689509,0.28115245643674314,0.17401884027953174,0.2692412680920458,0.654549050694839,0.5706751198485787,0.6408382365320092,5.272987744401403,C011,22.658198889665563,120.31822269719913,224409.013,2508169.146,11661.903789690601,-10000,-6000,0,293.7418135896782,63.456375334400995,NO,2022-12-31,"{""geodesic"":false,""crs"":{""type"":""name"",""properties"":{""name"":""EPSG:32651""}},""type"":""Polygon"",""coordinates"":[[[224010.71545000002,2507770.8484500004],[224807.31055,2507770.8484500004],[224807.31055,2508567.44355],[224010.71545000002,2508567.44355],[224010.71545000002,2507770.8484500004]]]}"
2,0.018826930290242554,15.246668812995635,-0.028943885518490652,-0.0363434459160087,-0.03245960885950232,0.10357443151767562,0.09657951838985723,0.10301264157436349,5.403894343654675,23.351128089493237,35.89199680893197,23.43612766002159,0.901292804688415,79.44964480549645,0.2691185130763492,0.16902768892941572,0.26437480990360385,0.6548304790007407,0.569011108084828,0.6488966161758681,4.683862773863987,C003,22.685107173155174,120.30797129686849,223409.013,2511169.146,11401.75425099138,-11000,-3000,0,293.80942684423843,63.456375334400995,NO,2022-12-31,"{""geodesic"":false,""crs"":{""type"":""name"",""properties"":{""name"":""EPSG:32651""}},""type"":""Polygon"",""coordinates"":[[[223010.71545000002,2510770.8484500004],[223807.31055,2510770.8484500004],[223807.31055,2511567.44355],[223010.71545000002,2511567.44355],[223010.71545000002,2510770.8484500004]]]}"
38,0.022325734875641615,15.833011486979592,-0.043442620313754676,-0.03080064094950349,-0.04225274271498217,0.10574180099253554,0.09184061984588485,0.10176771603105954,4.526651152415025,21.916456925834865,31.88301992192881,19.075997347780028,0.8977940001030159,78.8633021315125,0.28361724787161324,0.1634848839629105,0.2741679437590837,0.6526631095258808,0.5737500066288004,0.6501415417191722,5.5611059651036365,C039,22.64047528137747,120.33801666669292,226409.013,2506169.146,11313.70849898476,-8000,-8000,0,296.16950338730527,63.456375334400995,NO,2022-12-31,"{""geodesic"":false,""crs"":{""type"":""name"",""properties"":{""name"":""EPSG:32651""}},""type"":""Polygon"",""coordinates"":[[[226010.71545000002,2505770.8484500004],[226807.31055,2505770.8484500004],[226807.31055,2506567.44355],[226010.71545000002,2506567.44355],[226010.71545000002,2505770.8484500004]]]}"
45,0.022860875244937896,18.289476334869267,-0.0071539302121531615,-0.013396372596329724,-0.015345902938242333,0.0799441488189932,0.08014465178924779,0.08345966949508135,4.568549264398769,21.724877909516763,27.147172252786497,19.855922415769395,0.8972588597337197,76.40683728362282,0.2473285577700117,0.14608061560973673,0.24726110398234388,0.6784607616994232,0.5854459746854375,0.6684495882551503,5.519207853119893,C046,22.703643411392846,120.33679651213485,226409.013,2513169.146,8062.25774829855,-8000,-1000,0,301.1881080132403,63.456375334400995,NO,2022-12-31,"{""geodesic"":false,""crs"":{""type"":""name"",""properties"":{""name"":""EPSG:32651""}},""type"":""Polygon"",""coordinates"":[[[226010.71545000002,2512770.8484500004],[226807.31055,2512770.8484500004],[226807.31055,2513567.44355],[226010.71545000002,2513567.44355],[226010.71545000002,2512770.8484500004]]]}"
303,0.03197679987295045,15.985270662999346,0.15597739912328273,0.1456639620938146,0.22980433412617204,0.07052589216944694,0.027340839368086216,0.03969982534013767,2.161245587363157,13.992509888664841,19.542419761386697,13.67528473360697,0.8881429351057071,78.71104295549274,0.0841972284345758,0.012979719080407598,0.002110866917929499,0.6878790183489694,0.6382497871065991,0.7122094324100939,7.926511530155505,C304,22.70554504725225,120.45351674697787,238409.013,2513169.146,4123.105625617661,4000,-1000,0,301.8837821650577,63.456375334400995,NO,2022-12-31,"{""geodesic"":false,""crs"":{""type"":""name"",""properties"":{""name"":""EPSG:32651""}},""type"":""Polygon"",""coordinates"":[[[238010.71545000002,2512770.8484500004],[238807.31055,2512770.8484500004],[238807.31055,2513567.44355],[238010.71545000002,2513567.44355],[238010.71545000002,2512770.8484500004]]]}"
46,0.01749093320199939,16.718935132459578,-0.050780699671987964,-0.06305293296213518,-0.05685594277513191,0.09729447759487202,0.08541748475787496,0.09672969690280814,3.4040786987719107,25.9373508821473,27.20049225498633,21.97670532736562,0.9026288017766582,77.9773784860325,0.2909553272298465,0.1957371759755422,0.28877114381923347,0.6611104329235443,0.5801731417168103,0.6551795608474236,6.683678418746751,C047,22.712667384212757,120.33662185008659,226409.013,2514169.146,8000,-8000,0,0,305.54759446460093,63.456375334400995,NO,2022-12-31,"{""geodesic"":false,""crs"":{""type"":""name"",""properties"":{""name"":""EPSG:32651""}},""type"":""Polygon"",""coordinates"":[[[226010.71545000002,2513770.8484500004],[226807.31055,2513770.8484500004],[226807.31055,2514567.44355],[226010.71545000002,2514567.44355],[226010.71545000002,2513770.8484500004]]]}"
375,0.0,24.894284441319016,0.059696052021081726,0.0370111191905678,0.09038218902809503,-0.03532368741372359,-0.005985701514701641,-0.028034224621912074,2.1414548853761635,11.803337150173606,15.60495764913948,17.86884240981246,0.9201197349786575,69.80202917717307,0.18047857553677682,0.09567312382283921,0.14153301201600652,0.7937285979321399,0.6715763279893869,0.7799434823721437,7.946302232142498,C376,22.78723189986621,120.48120964753845,241409.013,2522169.146,10630.145812734649,7000,8000,0,363.0823845982773,63.456375334400995,NO,2022-12-31,"{""geodesic"":false,""crs"":{""type"":""name"",""properties"":{""name"":""EPSG:32651""}},""type"":""Polygon"",""coordinates"":[[[241010.71545000002,2521770.8484500004],[241807.31055,2521770.8484500004],[241807.31055,2522567.44355],[241010.71545000002,2522567.44355],[241010.71545000002,2521770.8484500004]]]}"
